source_code,source_concept_id,source_vocabulary_id,source_code_description,target_concept_id,target_vocabulary_id,valid_start_date,valid_end_date
"(BETAMOX)AMOXYCILLIN|500|mg|ORAL",0,TB1015_CM,"(BETAMOX)AMOXYCILLIN 500 mg ORAL",19073188,RxNorm,1/1/1970,12/31/1999
"1% HYDROCORTIZONE CREAM|1|APPLICATION|TOPICAL",0,TB1015_CM,"1% HYDROCORTIZONE CREAM 1 APPLICATION TOPICAL",19008572,RxNorm,1/1/1970,12/31/1999
"1% MYDRIACYL|2|gtt|TOPICAL|2",0,TB1015_CM,"1% MYDRIACYL 2 gtt TOPICAL",19048317,RxNorm,1/1/1970,12/31/1999
"1% MYDRIACYL|4|gtt|TOPICAL|4",0,TB1015_CM,"1% MYDRIACYL 4 gtt TOPICAL",19048317,RxNorm,1/1/1970,12/31/1999
"3TC|150|mg|ORAL",0,TB1015_CM,"3TC 150 mg ORAL",1704186,RxNorm,1/1/1970,12/31/1999
"3TC|300|mg|ORAL",0,TB1015_CM,"3TC 300 mg ORAL",1704217,RxNorm,1/1/1970,12/31/1999
"ABACAVIR|300|mg|ORAL",0,TB1015_CM,"ABACAVIR 300 mg ORAL",1736997,RxNorm,1/1/1970,12/31/1999
"ACECLOFENAC|100|mg|ORAL",0,TB1015_CM,"ACECLOFENAC 100 mg ORAL",19029394,RxNorm,1/1/1970,12/31/1999
"ACETIC ACID|0.25|mg|AURICULAR (OTIC)|0.1",0,TB1015_CM,"ACETIC ACID 0.25 mg AURICULAR (OTIC)",19072262,RxNorm,1/1/1970,12/31/1999
"ACETIC ACID|3|TABLET|AURICULAR (OTIC)",0,TB1015_CM,"ACETIC ACID 3 TABLET AURICULAR (OTIC)",44046543,RxNorm Extension,1/1/1970,12/31/1999
"ACTRAPID|10|IU|INTRAVENOUS|2.5",0,TB1015_CM,"ACTRAPID 10 IU INTRAVENOUS",41000582,RxNorm Extension,1/1/1970,12/31/1999
"ACULAR|1|DROP|TOPICAL",0,TB1015_CM,"ACULAR 1 DROP TOPICAL",40048835,RxNorm,1/1/1970,12/31/1999
"ACYCLOVIR|200|mg|ORAL",0,TB1015_CM,"ACYCLOVIR 200 mg ORAL",1703745,RxNorm,1/1/1970,12/31/1999
"ACYCLOVIR|400|mg|ORAL",0,TB1015_CM,"ACYCLOVIR 400 mg ORAL",1703691,RxNorm,1/1/1970,12/31/1999
"ACYCLOVIR|800|mg|ORAL|2",0,TB1015_CM,"ACYCLOVIR 800 mg ORAL",1703691,RxNorm,1/1/1970,12/31/1999
"ADCO NAPAMOL|500|TABLET|ORAL",0,TB1015_CM,"ADCO NAPAMOL 500 TABLET ORAL",19073408,RxNorm,1/1/1970,12/31/1999
"ALCOPHYLAX|10|mL|ORAL|10",0,TB1015_CM,"ALCOPHYLAX 10 mL ORAL",40060007,RxNorm,1/1/1970,12/31/1999
"ALCOPHYLLEX|10|mL|ORAL|10",0,TB1015_CM,"ALCOPHYLLEX 10 mL ORAL",40060007,RxNorm,1/1/1970,12/31/1999
"ALCOPHYLLEX|15|mL|ORAL|15",0,TB1015_CM,"ALCOPHYLLEX 15 mL ORAL",40060007,RxNorm,1/1/1970,12/31/1999
"ALCOPHYLLIN|5|mL|ORAL|5",0,TB1015_CM,"ALCOPHYLLIN 5 mL ORAL",40060007,RxNorm,1/1/1970,12/31/1999
"ALLERGEX OINTMENT|1|APPLICATION|TOPICAL",0,TB1015_CM,"ALLERGEX OINTMENT 1 APPLICATION TOPICAL",40034004,RxNorm,1/1/1970,12/31/1999
"ALLERGEX|1|TABLET|ORAL",0,TB1015_CM,"ALLERGEX 1 TABLET ORAL",42899047,RxNorm,1/1/1970,12/31/1999
"ALLERGEX|10|mg|ORAL",0,TB1015_CM,"ALLERGEX 10 mg ORAL",42899047,RxNorm,1/1/1970,12/31/1999
"ALLERGEX|8|mg|ORAL|0.8",0,TB1015_CM,"ALLERGEX 8 mg ORAL",42899047,RxNorm,1/1/1970,12/31/1999
"ALLUVIA|2|TABLET|ORAL|2",0,TB1015_CM,"ALLUVIA 2 TABLET ORAL",19122186,RxNorm,1/1/1970,12/31/1999
"ALUVIA|250|mg|ORAL",0,TB1015_CM,"ALUVIA 250 mg ORAL",19122186,RxNorm,1/1/1970,12/31/1999
"ALUVIA|500|mg|ORAL|2",0,TB1015_CM,"ALUVIA 500 mg ORAL",19122186,RxNorm,1/1/1970,12/31/1999
"AMIKACIN|500|mg|INTRAMUSCULAR|2",0,TB1015_CM,"AMIKACIN 500 mg INTRAMUSCULAR",44110906,RxNorm Extension,1/1/1970,12/31/1999
"AMIKACIN|750|mg|INTRAMUSCULAR|3",0,TB1015_CM,"AMIKACIN 750 mg INTRAMUSCULAR",44110906,RxNorm Extension,1/1/1970,12/31/1999
"AMINOPHYLLINE 100 MG|100|mg|ORAL",0,TB1015_CM,"AMINOPHYLLINE 100 MG 100 mg ORAL",1105837,RxNorm,1/1/1970,12/31/1999
"AMINOPHYLLINE|250|mg|INTRAVENOUS|10",0,TB1015_CM,"AMINOPHYLLINE 250 mg INTRAVENOUS",35603810,RxNorm,1/1/1970,12/31/1999
"AMLODIPINE|5|mg|ORAL",0,TB1015_CM,"AMLODIPINE 5 mg ORAL",1332419,RxNorm,1/1/1970,12/31/1999
"AMOXICILLIN 875MG PLUS CLAVULANIC ACID 125MG|1|g|ORAL",0,TB1015_CM,"AMOXICILLIN 875MG PLUS CLAVULANIC ACID 125MG 1 g ORAL",19115197,RxNorm,1/1/1970,12/31/1999
"AMOXICILLIN/CLAVULINIC ACID|625|mg|ORAL",0,TB1015_CM,"AMOXICILLIN/CLAVULINIC ACID 625 mg ORAL",1713694,RxNorm,1/1/1970,12/31/1999
"AMOXICILLIN|1|g|ORAL",0,TB1015_CM,"AMOXICILLIN 1 g ORAL",1713412,RxNorm,1/1/1970,12/31/1999
"AMOXICILLIN|500|mg|ORAL",0,TB1015_CM,"AMOXICILLIN 500 mg ORAL",19073188,RxNorm,1/1/1970,12/31/1999
"AMOXIL|250|mg|ORAL",0,TB1015_CM,"AMOXIL 250 mg ORAL",19027068,RxNorm,1/1/1970,12/31/1999
"AMOXIL|500|mg|ORAL",0,TB1015_CM,"AMOXIL 500 mg ORAL",19047730,RxNorm,1/1/1970,12/31/1999
"AMOXILLIN|500|mg|ORAL",0,TB1015_CM,"AMOXILLIN 500 mg ORAL",19073188,RxNorm,1/1/1970,12/31/1999
"AMOXYCILLIN|500|mg|ORAL",0,TB1015_CM,"AMOXYCILLIN 500 mg ORAL",19073188,RxNorm,1/1/1970,12/31/1999
"AMOXYCILLIN|500|TABLET|ORAL",0,TB1015_CM,"AMOXYCILLIN 500 TABLET ORAL",19073188,RxNorm,1/1/1970,12/31/1999
"ANTIVIRALS|NA||",0,TB1015_CM,"ANTIVIRALS NA  ",4140762,SNOMED,1/1/1970,12/31/1999
"ANTIVIRALS|NA||",J05,TB1015_CM,"ANTIVIRALS NA  ",21603126,ATC,1/1/1970,12/31/1999
"ANUSOLL (ZINC SULFATE MONOHYDRATE )|1|SUPPOSITORY|RECTAL",0,TB1015_CM,"ANUSOLL (ZINC SULFATE MONOHYDRATE ) 1 SUPPOSITORY RECTAL",40096788,RxNorm,1/1/1970,12/31/1999
"ARTEMETHER INJECTION|80|mg|INTRAMUSCULAR",0,TB1015_CM,"ARTEMETHER INJECTION 80 mg INTRAMUSCULAR",35856042,RxNorm Extension,1/1/1970,12/31/1999
"ASPIRIN|150|mg|ORAL|0.5",0,TB1015_CM,"ASPIRIN 150 mg ORAL",1112923,RxNorm,1/1/1970,12/31/1999
"ASPIRIN|300|mg|ORAL",0,TB1015_CM,"ASPIRIN 300 mg ORAL",1112923,RxNorm,1/1/1970,12/31/1999
"ASTHAVENT (METERED DOSE INHALER)|200|ug|RESPIRATORY (INHALATION)|2",0,TB1015_CM,"ASTHAVENT (METERED DOSE INHALER) 200 ug RESPIRATORY (INHALATION)",36068104,RxNorm Extension,1/1/1970,12/31/1999
"ASTHAVENT|2|PUFF|RESPIRATORY (INHALATION)",0,TB1015_CM,"ASTHAVENT 2 PUFF RESPIRATORY (INHALATION)",35766252,RxNorm Extension,1/1/1970,12/31/1999
"ASTHAVENT|2|PUFFS|RESPIRATORY (INHALATION)",0,TB1015_CM,"ASTHAVENT 2 PUFFS RESPIRATORY (INHALATION)",35766252,RxNorm Extension,1/1/1970,12/31/1999
"ATENOLOL|50|mg|ORAL",0,TB1015_CM,"ATENOLOL 50 mg ORAL",1314008,RxNorm,1/1/1970,12/31/1999
"ATNOLOL|50|mg|ORAL",0,TB1015_CM,"ATNOLOL 50 mg ORAL",1314008,RxNorm,1/1/1970,12/31/1999
"ATROPINE|1|mg|INTRAVENOUS",0,TB1015_CM,"ATROPINE 1 mg INTRAVENOUS",41118947,RxNorm Extension,1/1/1970,12/31/1999
"ATROZIA|1|TABLET|ORAL",0,TB1015_CM,"ATROZIA 1 TABLET ORAL",19124372,RxNorm,1/1/1970,12/31/1999
"AUGMENTIN - AMOXYCILLIN PLUS CLAVULANIC|625|mg|ORAL",0,TB1015_CM,"AUGMENTIN - AMOXYCILLIN PLUS CLAVULANIC 625 mg ORAL",1713694,RxNorm,1/1/1970,12/31/1999
"AUGMENTIN (AMOXICCILIN AND CLAVULANIC ACID)|1000|mg|ORAL",0,TB1015_CM,"AUGMENTIN (AMOXICCILIN AND CLAVULANIC ACID) 1000 mg ORAL",19115197,RxNorm,1/1/1970,12/31/1999
"AUGMENTIN (AMOXICILLIN + CLAVULANIC ACID)|1|g|ORAL",0,TB1015_CM,"AUGMENTIN (AMOXICILLIN + CLAVULANIC ACID) 1 g ORAL",19115197,RxNorm,1/1/1970,12/31/1999
"AUGMENTIN (AMOXICILLIN + CLAVULINIC ACID)|1.2|g|INTRAVENOUS|2/4",0,TB1015_CM,"AUGMENTIN (AMOXICILLIN + CLAVULINIC ACID) 1.2 g INTRAVENOUS",36786697,RxNorm Extension,1/1/1970,12/31/1999
"AUGMENTIN (AMOXICILLIN AND CLAVULANATE)|375|mg|ORAL",0,TB1015_CM,"AUGMENTIN (AMOXICILLIN AND CLAVULANATE) 375 mg ORAL",1713671,RxNorm,1/1/1970,12/31/1999
"AUGMENTIN (AMOXICILLIN AND CLAVULANIC ACID)|1|g|ORAL",0,TB1015_CM,"AUGMENTIN (AMOXICILLIN AND CLAVULANIC ACID) 1 g ORAL",19115197,RxNorm,1/1/1970,12/31/1999
"AUGMENTIN (AMOXICILLIN, CLAVULANIC ACID)|1|g|ORAL",0,TB1015_CM,"AUGMENTIN (AMOXICILLIN, CLAVULANIC ACID) 1 g ORAL",19115197,RxNorm,1/1/1970,12/31/1999
"AUGMENTIN (AMOXICILLIN/CLAVULANATE POTASSIUM)|1|g|ORAL",0,TB1015_CM,"AUGMENTIN (AMOXICILLIN/CLAVULANATE POTASSIUM) 1 g ORAL",19115197,RxNorm,1/1/1970,12/31/1999
"AUGMENTIN,  AMOXICILLIN AND CLAVULANATE POTASSIUM|1|g|ORAL",0,TB1015_CM,"AUGMENTIN,  AMOXICILLIN AND CLAVULANATE POTASSIUM 1 g ORAL",19115197,RxNorm,1/1/1970,12/31/1999
"AUGMENTIN( AMOXICILLIN AND CLAVULENIC ACID)|625|mg|ORAL",0,TB1015_CM,"AUGMENTIN( AMOXICILLIN AND CLAVULENIC ACID) 625 mg ORAL",1713694,RxNorm,1/1/1970,12/31/1999
"AUGMENTIN(AMOXICILLIN CLAVULANIC ACID|1200|IU|ORAL|2",0,TB1015_CM,"AUGMENTIN(AMOXICILLIN CLAVULANIC ACID 1200 IU ORAL",1713694,RxNorm,1/1/1970,12/31/1999
"AZITHROMYCIN|500|mg|ORAL",0,TB1015_CM,"AZITHROMYCIN 500 mg ORAL",19085757,RxNorm,1/1/1970,12/31/1999
"AZITHROMYCIN|500|TABLET|ORAL",0,TB1015_CM,"AZITHROMYCIN 500 TABLET ORAL",1734134,RxNorm,1/1/1970,12/31/1999
"AZT|300|mg|ORAL",0,TB1015_CM,"AZT 300 mg ORAL",1710617,RxNorm,1/1/1970,12/31/1999
"BACTRIM|2|TABLET|ORAL|2",0,TB1015_CM,"BACTRIM 2 TABLET ORAL",40081391,RxNorm,1/1/1970,12/31/1999
"BACTRIM|960|mg|ORAL",0,TB1015_CM,"BACTRIM 960 mg ORAL",19135631,RxNorm,1/1/1970,12/31/1999
"BECLATE NASAL SPRAY|2|SPRAY|NASAL|2",0,TB1015_CM,"BECLATE NASAL SPRAY 2 SPRAY NASAL",40010699,RxNorm,1/1/1970,12/31/1999
"BEDAQUILINE|200|mg|ORAL|2",0,TB1015_CM,"BEDAQUILINE 200 mg ORAL",43012520,RxNorm,1/1/1970,12/31/1999
"BENELYN|10|mL|ORAL|10",0,TB1015_CM,"BENELYN 10 mL ORAL",42707499,RxNorm,1/1/1970,12/31/1999
"BENYLIN COUGH MIXTURE|5|mL|ORAL|5",0,TB1015_CM,"BENYLIN COUGH MIXTURE 5 mL ORAL",42707499,RxNorm,1/1/1970,12/31/1999
"BENYLIN|5|mL|ORAL|5",0,TB1015_CM,"BENYLIN 5 mL ORAL",42707499,RxNorm,1/1/1970,12/31/1999
"BENZATHINE PENICILLIN|2.4|MU|INTRAMUSCULAR|1.2",0,TB1015_CM,"BENZATHINE PENICILLIN 2.4 MU INTRAMUSCULAR",19127593,RxNorm,1/1/1970,12/31/1999
"BETA-NEOMYCIN|2|DROP|TOPICAL",0,TB1015_CM,"BETA-NEOMYCIN 2 DROP TOPICAL",40072308,RxNorm,1/1/1970,12/31/1999
"BETADINE OINTMENT|1|APPLICATION|TOPICAL",0,TB1015_CM,"BETADINE OINTMENT 1 APPLICATION TOPICAL",40078003,RxNorm,1/1/1970,12/31/1999
"BETAMETHASONE/NEOMYCIN|2|DROP|TOPICAL|2",0,TB1015_CM,"BETAMETHASONE/NEOMYCIN 2 DROP TOPICAL",40018154,RxNorm,1/1/1970,12/31/1999
"BETAMETHASONE|1|APPLICATION|TOPICAL",0,TB1015_CM,"BETAMETHASONE 1 APPLICATION TOPICAL",41305675,RxNorm Extension,1/1/1970,12/31/1999
"BETAPERIMIDE|4|mg|ORAL|2",0,TB1015_CM,"BETAPERIMIDE 4 mg ORAL",19046970,RxNorm,1/1/1970,12/31/1999
"BLOOD TRANSFUSION|350|mL|INTRAVENOUS",0,TB1015_CM,"BLOOD TRANSFUSION 350 mL INTRAVENOUS",4201540,SNOMED,1/1/1970,12/31/1999
"BLOOD TRANSFUSION|350|mL|INTRAVENOUS",B05A,TB1015_CM,"BLOOD TRANSFUSION 350 mL INTRAVENOUS",21601137,ATC ,1/1/1970,12/31/1999
"BORSTOL COUGH MIXTURE|5|mL|ORAL|5",0,TB1015_CM,"BORSTOL COUGH MIXTURE 5 mL ORAL",43289745,RxNorm Extension,1/1/1970,12/31/1999
"BRUFEN|2|TABLET|ORAL|2",0,TB1015_CM,"BRUFEN 2 TABLET ORAL",40054170,RxNorm,1/1/1970,12/31/1999
"BRUFEN|2|TABS|ORAL|2",0,TB1015_CM,"BRUFEN 2 TABS ORAL",40054170,RxNorm,1/1/1970,12/31/1999
"BRUFEN|200|TABLET|ORAL",0,TB1015_CM,"BRUFEN 200 TABLET ORAL",19024591,RxNorm,1/1/1970,12/31/1999
"BRUFEN|3|TABLET|TOPICAL|3",0,TB1015_CM,"BRUFEN 3 TABLET TOPICAL",40054170,RxNorm,1/1/1970,12/31/1999
"BRUFEN|400|mg|ORAL",0,TB1015_CM,"BRUFEN 400 mg ORAL",19024626,RxNorm,1/1/1970,12/31/1999
"BRUFEN|400|TABLET|ORAL",0,TB1015_CM,"BRUFEN 400 TABLET ORAL",19024626,RxNorm,1/1/1970,12/31/1999
"BUSCOPAN|10|mg|ORAL",0,TB1015_CM,"BUSCOPAN 10 mg ORAL",21162652,RxNorm Extension,1/1/1970,12/31/1999
"CALAMINE LOTION|1|APPLICATION|TOPICAL",0,TB1015_CM,"CALAMINE LOTION 1 APPLICATION TOPICAL",40018337,RxNorm,1/1/1970,12/31/1999
"CALAMINE LOTION|2|mL|TOPICAL",0,TB1015_CM,"CALAMINE LOTION 2 mL TOPICAL",40018337,RxNorm,1/1/1970,12/31/1999
"CALCIUM 500|1|TABLET|ORAL",0,TB1015_CM,"CALCIUM 500 1 TABLET ORAL",41024477,RxNorm Extension,1/1/1970,12/31/1999
"CALCIUM GLUCONATE 10%|10|mL|INTRAVENOUS",0,TB1015_CM,"CALCIUM GLUCONATE 10% 10 mL INTRAVENOUS",1537436,RxNorm,1/1/1970,12/31/1999
"CANESTEN|1|APPLICATION|VAGINAL",0,TB1015_CM,"CANESTEN 1 APPLICATION VAGINAL",19007148,RxNorm,1/1/1970,12/31/1999
"CAPS CEFALEXIN|500|mg|ORAL",0,TB1015_CM,"CAPS CEFALEXIN 500 mg ORAL",19075034,RxNorm,1/1/1970,12/31/1999
"CAPS CEPHALEXIN|500|mg|ORAL",0,TB1015_CM,"CAPS CEPHALEXIN 500 mg ORAL",19075034,RxNorm,1/1/1970,12/31/1999
"CEFIXINE|400|mg|ORAL",0,TB1015_CM,"CEFIXINE 400 mg ORAL",1796453,RxNorm,1/1/1970,12/31/1999
"CEFTRIAXONE|1|g|INTRAMUSCULAR",0,TB1015_CM,"CEFTRIAXONE 1 g INTRAMUSCULAR",46287328,RxNorm,1/1/1970,12/31/1999
"CEFTRIAXONE|1|g|INTRAVENOUS",0,TB1015_CM,"CEFTRIAXONE 1 g INTRAVENOUS",46287328,RxNorm,1/1/1970,12/31/1999
"CEFTRIAXONE|2|g|INTRAVENOUS",0,TB1015_CM,"CEFTRIAXONE 2 g INTRAVENOUS",36784714,RxNorm Extension,1/1/1970,12/31/1999
"CEFTRIAXONE|250|mg|INTRAMUSCULAR",0,TB1015_CM,"CEFTRIAXONE 250 mg INTRAMUSCULAR",19074977,RxNorm,1/1/1970,12/31/1999
"CEPROLEN|1|DROP|TOPICAL",0,TB1015_CM,"CEPROLEN 1 DROP TOPICAL",42479725,RxNorm Extension,1/1/1970,12/31/1999
"CETIRIZINE|100|mg|ORAL",0,TB1015_CM,"CETIRIZINE 100 mg ORAL",40228214,RxNorm,1/1/1970,12/31/1999
"CETRIZINE|10|mg|ORAL",0,TB1015_CM,"CETRIZINE 10 mg ORAL",40228214,RxNorm,1/1/1970,12/31/1999
"CHLOPHENIRAMINE|4|mg|ORAL",0,TB1015_CM,"CHLOPHENIRAMINE 4 mg ORAL",1193731,RxNorm,1/1/1970,12/31/1999
"CHLORAMEX|1|APPLICATION|TOPICAL",0,TB1015_CM,"CHLORAMEX 1 APPLICATION TOPICAL",40023482,RxNorm,1/1/1970,12/31/1999
"CHLORHEXADINE|10|mL|GARGLE)",0,TB1015_CM,"CHLORHEXADINE 10 mL GARGLE)",2047745,RxNorm Extension,1/1/1970,12/31/1999
"CHLOROMAX EYE OINTMENT|1|APPLICATION|TOPICAL",0,TB1015_CM,"CHLOROMAX EYE OINTMENT 1 APPLICATION TOPICAL",40023482,RxNorm,1/1/1970,12/31/1999
"CHLORPHENAMINE|1|TABLET|ORAL",0,TB1015_CM,"CHLORPHENAMINE 1 TABLET ORAL",40023993,RxNorm,1/1/1970,12/31/1999
"CHLORPHENIRAMINE MALEATE|4|mg|ORAL",0,TB1015_CM,"CHLORPHENIRAMINE MALEATE 4 mg ORAL",43012036,RxNorm,1/1/1970,12/31/1999
"CHLORPHENIRAMINE|10|mL|ORAL",0,TB1015_CM,"CHLORPHENIRAMINE 10 mL ORAL",35151775,RxNorm Extension,1/1/1970,12/31/1999
"CHLORPHENIRAMINE|4|mg|ORAL",0,TB1015_CM,"CHLORPHENIRAMINE 4 mg ORAL",1193731,RxNorm,1/1/1970,12/31/1999
"CHLOTRIMAZOLE|1|APPLICATION|TOPICAL",0,TB1015_CM,"CHLOTRIMAZOLE 1 APPLICATION TOPICAL",40026949,RxNorm,1/1/1970,12/31/1999
"CINNARIZINE|25|mg|ORAL",0,TB1015_CM,"CINNARIZINE 25 mg ORAL",19097503,RxNorm,1/1/1970,12/31/1999
"CITRASODA|5|mL|ORAL|5",0,TB1015_CM,"CITRASODA 5 mL ORAL",40078852,RxNorm,1/1/1970,12/31/1999
"CITRIZINE|10|mg|ORAL",0,TB1015_CM,"CITRIZINE 10 mg ORAL",40228214,RxNorm,1/1/1970,12/31/1999
"CITROSODA|5|mL|ORAL|5",0,TB1015_CM,"CITROSODA 5 mL ORAL",40078852,RxNorm,1/1/1970,12/31/1999
"CLAVULINATED AMOXICILLIN|1|g|ORAL",0,TB1015_CM,"CLAVULINATED AMOXICILLIN 1 g ORAL",19115197,RxNorm,1/1/1970,12/31/1999
"CLEXANE|40|mg|SUBCUTANEOUS|2",0,TB1015_CM,"CLEXANE 40 mg SUBCUTANEOUS",41190268,RxNorm Extension,1/1/1970,12/31/1999
"CLEXANE|80|mg|SUBCUTANEOUS|4",0,TB1015_CM,"CLEXANE 80 mg SUBCUTANEOUS",41190268,RxNorm Extension,1/1/1970,12/31/1999
"CLOTRIMAZOLE CREAM|1|%|TOPICAL",0,TB1015_CM,"CLOTRIMAZOLE CREAM 1 % TOPICAL",19075602,RxNorm,1/1/1970,12/31/1999
"CLOTRIMAZOLE CREAM|1|APPLICATION|TOPICAL",0,TB1015_CM,"CLOTRIMAZOLE CREAM 1 APPLICATION TOPICAL",40026931,RxNorm,1/1/1970,12/31/1999
"CLOTRIMAZOLE CREAM|1|APPLICATION|VAGINAL",0,TB1015_CM,"CLOTRIMAZOLE CREAM 1 APPLICATION VAGINAL",40026957,RxNorm,1/1/1970,12/31/1999
"CLOTRIMAZOLE CREAM|1|ONE APPLICATION ON AFFECTED AREA|TOPICAL",0,TB1015_CM,"CLOTRIMAZOLE CREAM 1 ONE APPLICATION ON AFFECTED AREA TOPICAL",40026931,RxNorm,1/1/1970,12/31/1999
"CLOTRIMAZOLE|1|APPLICATION|TOPICAL",0,TB1015_CM,"CLOTRIMAZOLE 1 APPLICATION TOPICAL",40026931,RxNorm,1/1/1970,12/31/1999
"CLOTRIMAZOLE|1|APPLICATION|VAGINAL",0,TB1015_CM,"CLOTRIMAZOLE 1 APPLICATION VAGINAL",994907,RxNorm Extension,1/1/1970,12/31/1999
"CLOTRIMAZOLE|1|PESSARY|VAGINAL",0,TB1015_CM,"CLOTRIMAZOLE 1 PESSARY VAGINAL",994907,RxNorm Extension,1/1/1970,12/31/1999
"CLOTRIMAZOLE|1|TABLET|VAGINAL",0,TB1015_CM,"CLOTRIMAZOLE 1 TABLET VAGINAL",994907,RxNorm Extension,1/1/1970,12/31/1999
"CLOXACILLIN|500|mg|ORAL",0,TB1015_CM,"CLOXACILLIN 500 mg ORAL",1800856,RxNorm,1/1/1970,12/31/1999
"CO-AMOXICCILIN|625|mg|ORAL",0,TB1015_CM,"CO-AMOXICCILIN 625 mg ORAL",1713694,RxNorm,1/1/1970,12/31/1999
"CO-AMOXICLAV(AMOXICILLIN AND CLAVULAVINIC ACID)|375|mg|ORAL",0,TB1015_CM,"CO-AMOXICLAV(AMOXICILLIN AND CLAVULAVINIC ACID) 375 mg ORAL",1713671,RxNorm,1/1/1970,12/31/1999
"CO-AMOXICLAV(AMOXYCCILINE AND CLAVULANIC ACID)|375|TABLET|ORAL",0,TB1015_CM,"CO-AMOXICLAV(AMOXYCCILINE AND CLAVULANIC ACID) 375 TABLET ORAL",1713671,RxNorm,1/1/1970,12/31/1999
"CO-TRIMOXAZOLE|2|TABLET|ORAL|2",0,TB1015_CM,"CO-TRIMOXAZOLE 2 TABLET ORAL",43136042,RxNorm,1/1/1970,12/31/1999
"COAMOXYCLAV|1000|mg|ORAL",0,TB1015_CM,"COAMOXYCLAV 1000 mg ORAL",19115197,RxNorm,1/1/1970,12/31/1999
"CODEIN PHOSPHATE|1|TABLET|ORAL",0,TB1015_CM,"CODEIN PHOSPHATE 1 TABLET ORAL",40031380,RxNorm,1/1/1970,12/31/1999
"CODEIN PO4|30|mg|ORAL",0,TB1015_CM,"CODEIN PO4 30 mg ORAL",40223099,RxNorm,1/1/1970,12/31/1999
"CODEINE PHOSPHATE|30|mg|ORAL",0,TB1015_CM,"CODEINE PHOSPHATE 30 mg ORAL",40221518,RxNorm,1/1/1970,12/31/1999
"CODEINE-CONTAINING ANALGESIC|1|TABLET|ORAL",0,TB1015_CM,"CODEINE-CONTAINING ANALGESIC 1 TABLET ORAL",40031380,RxNorm,1/1/1970,12/31/1999
"COMBIVIR|450|mg|ORAL",0,TB1015_CM,"COMBIVIR 450 mg ORAL",19022896,RxNorm,1/1/1970,12/31/1999
"COTHIMOXAZOLE|2|TABLET|ORAL|2",0,TB1015_CM,"COTHIMOXAZOLE 2 TABLET ORAL",43136042,RxNorm,1/1/1970,12/31/1999
"COTRIMAXAZOLE|960|mg|ORAL",0,TB1015_CM,"COTRIMAXAZOLE 960 mg ORAL",1836434,RxNorm,1/1/1970,12/31/1999
"COTRIMOXAZOLE|1920|mg|INTRAVENOUS|20",0,TB1015_CM,"COTRIMOXAZOLE 1920 mg INTRAVENOUS",1836471,RxNorm,1/1/1970,12/31/1999
"COTRIMOXAZOLE|1920|mg|ORAL|2",0,TB1015_CM,"COTRIMOXAZOLE 1920 mg ORAL",19020465,RxNorm,1/1/1970,12/31/1999
"COTRIMOXAZOLE|2|TABLET|ORAL|2",0,TB1015_CM,"COTRIMOXAZOLE 2 TABLET ORAL",43136042,RxNorm,1/1/1970,12/31/1999
"COTRIMOXAZOLE|960|mg|ORAL",0,TB1015_CM,"COTRIMOXAZOLE 960 mg ORAL",19020465,RxNorm,1/1/1970,12/31/1999
"COUGH LINCTUS (CHLORPHENIRAMINE)|10|mL|ORAL",0,TB1015_CM,"COUGH LINCTUS (CHLORPHENIRAMINE) 10 mL ORAL",21106376,RxNorm Extension,1/1/1970,12/31/1999
"COUGH MIXTURE (NAME UNKNOWN)|5|mL|ORAL|5",0,TB1015_CM,"COUGH MIXTURE (NAME UNKNOWN) 5 mL ORAL",42800639,RxNorm,1/1/1970,12/31/1999
"CYCLIZINE|50|mg|ORAL",0,TB1015_CM,"CYCLIZINE 50 mg ORAL",909389,RxNorm,1/1/1970,12/31/1999
"CYCLOGEL 1%|4|gtt|TOPICAL",0,TB1015_CM,"CYCLOGEL 1% 4 gtt TOPICAL",42707499,RxNorm,1/1/1970,12/31/1999
"CYCLOKAPRON|1|TABLET|ORAL",0,TB1015_CM,"CYCLOKAPRON 1 TABLET ORAL",19025510,RxNorm,1/1/1970,12/31/1999
"CYCLOKAPRON|500|mg|ORAL",0,TB1015_CM,"CYCLOKAPRON 500 mg ORAL",19025510,RxNorm,1/1/1970,12/31/1999
"CYCLOMIDRIL EYE DROP|1|DROP|TOPICAL",0,TB1015_CM,"CYCLOMIDRIL EYE DROP 1 DROP TOPICAL",40028118,RxNorm,1/1/1970,12/31/1999
"CYCLOMIDRYL|1|DROP IN EACH EYE|TOPICAL",0,TB1015_CM,"CYCLOMIDRYL 1 DROP IN EACH EYE TOPICAL",40028118,RxNorm,1/1/1970,12/31/1999
"CYCLOMYDRIL|1|DROP IN EACH EYE|TOPICAL",0,TB1015_CM,"CYCLOMYDRIL 1 DROP IN EACH EYE TOPICAL",40028118,RxNorm,1/1/1970,12/31/1999
"CYCLOMYDRIL|1|DROP|TOPICAL",0,TB1015_CM,"CYCLOMYDRIL 1 DROP TOPICAL",40028118,RxNorm,1/1/1970,12/31/1999
"CYCLOMYDRIL|1|IN EACH EYE|TOPICAL",0,TB1015_CM,"CYCLOMYDRIL 1 IN EACH EYE TOPICAL",40028118,RxNorm,1/1/1970,12/31/1999
"CYCLOMYDROL|1|DROP|TOPICAL",0,TB1015_CM,"CYCLOMYDROL 1 DROP TOPICAL",40028118,RxNorm,1/1/1970,12/31/1999
"CYCLOPENTOLATE AND PHENYLEPHRINE|6|DROP|TOPICAL|6",0,TB1015_CM,"CYCLOPENTOLATE AND PHENYLEPHRINE 6 DROP TOPICAL",40028118,RxNorm,1/1/1970,12/31/1999
"CYCLOPENTOLATE AND PHENYLEPHRINE|8|DROP|TOPICAL|8",0,TB1015_CM,"CYCLOPENTOLATE AND PHENYLEPHRINE 8 DROP TOPICAL",40028118,RxNorm,1/1/1970,12/31/1999
"CYCLOPENTOLATE AND PHENYLEPINEPHLINE|8|DROP|TOPICAL|8",0,TB1015_CM,"CYCLOPENTOLATE AND PHENYLEPINEPHLINE 8 DROP TOPICAL",40028118,RxNorm,1/1/1970,12/31/1999
"CYCLOPENTOLATE AND PHENYLEPINEPHRINE|8|DROP|TOPICAL|8",0,TB1015_CM,"CYCLOPENTOLATE AND PHENYLEPINEPHRINE 8 DROP TOPICAL",40028118,RxNorm,1/1/1970,12/31/1999
"CYCLOPENTOLATE HYDROCHLORIDE|5|DROP|TOPICAL",0,TB1015_CM,"CYCLOPENTOLATE HYDROCHLORIDE 5 DROP TOPICAL",42800629,RxNorm,1/1/1970,12/31/1999
"CYCLOPENTOLATE HYDROCLORIDE|2|DROP|TOPICAL",0,TB1015_CM,"CYCLOPENTOLATE HYDROCLORIDE 2 DROP TOPICAL",42800620,RxNorm,1/1/1970,12/31/1999
"CYCLOPENTOLATE|12|DROP|TOPICAL|12",0,TB1015_CM,"CYCLOPENTOLATE 12 DROP TOPICAL",40028142,RxNorm,1/1/1970,12/31/1999
"CYCLOPENTOLATE|3|DROP|TOPICAL|3",0,TB1015_CM,"CYCLOPENTOLATE 3 DROP TOPICAL",40028142,RxNorm,1/1/1970,12/31/1999
"CYCLOPENTOLATE|4|DROP|TOPICAL|4",0,TB1015_CM,"CYCLOPENTOLATE 4 DROP TOPICAL",40028142,RxNorm,1/1/1970,12/31/1999
"CYCLOPENTOLATE|5|DROP|TOPICAL|5",0,TB1015_CM,"CYCLOPENTOLATE 5 DROP TOPICAL",40028142,RxNorm,1/1/1970,12/31/1999
"CYCLOPENTOLATE|6|DROP|TOPICAL|6",0,TB1015_CM,"CYCLOPENTOLATE 6 DROP TOPICAL",40028142,RxNorm,1/1/1970,12/31/1999
"CYCLOPENTOLATE|8|DROP|TOPICAL|8",0,TB1015_CM,"CYCLOPENTOLATE 8 DROP TOPICAL",40028142,RxNorm,1/1/1970,12/31/1999
"CYCLOSERINE|500|mg|ORAL|2",0,TB1015_CM,"CYCLOSERINE 500 mg ORAL",41149239,RxNorm Extension,1/1/1970,12/31/1999
"CYCLOSERINE|750|mg|ORAL|3",0,TB1015_CM,"CYCLOSERINE 750 mg ORAL",41149239,RxNorm Extension,1/1/1970,12/31/1999
"CYLOMYDRIL|1|DROP IN EACH EYE|TOPICAL",0,TB1015_CM,"CYLOMYDRIL 1 DROP IN EACH EYE TOPICAL",40028118,RxNorm,1/1/1970,12/31/1999
"CYLOMYDRIL|1|DROP|TOPICAL",0,TB1015_CM,"CYLOMYDRIL 1 DROP TOPICAL",40028118,RxNorm,1/1/1970,12/31/1999
"DAKTARIN ORAL GEL|1|APPLICATION|ORAL",0,TB1015_CM,"DAKTARIN ORAL GEL 1 APPLICATION ORAL",21022690,RxNorm Extension,1/1/1970,12/31/1999
"DECLOFENAC|150|mg|INTRAMUSCULAR|6",0,TB1015_CM,"DECLOFENAC 150 mg INTRAMUSCULAR",36264863,RxNorm Extension,1/1/1970,12/31/1999
"DEPO PROVERA|1|AMPULE|INTRAMUSCULAR",0,TB1015_CM,"DEPO PROVERA 1 AMPULE INTRAMUSCULAR",40224804,RxNorm,1/1/1970,12/31/1999
"DEPO PROVERA|150|mg|INTRAMUSCULAR",0,TB1015_CM,"DEPO PROVERA 150 mg INTRAMUSCULAR",40224804,RxNorm,1/1/1970,12/31/1999
"DEPO-PROVERA|150|mg|INTRAMUSCULAR",0,TB1015_CM,"DEPO-PROVERA 150 mg INTRAMUSCULAR",40224804,RxNorm,1/1/1970,12/31/1999
"DEPOT PROVERA|150|mg|INTRAMUSCULAR",0,TB1015_CM,"DEPOT PROVERA 150 mg INTRAMUSCULAR",40224804,RxNorm,1/1/1970,12/31/1999
"DEXTROSE 50%|50|mL|INTRAVENOUS",0,TB1015_CM,"DEXTROSE 50% 50 mL INTRAVENOUS",19076324,RxNorm,1/1/1970,12/31/1999
"DIAZEPAM|10|mg|INTRAMUSCULAR",0,TB1015_CM,"DIAZEPAM 10 mg INTRAMUSCULAR",44045795,RxNorm Extension,1/1/1970,12/31/1999
"DICLOFENAC|25|mg|ORAL|0.5",0,TB1015_CM,"DICLOFENAC 25 mg ORAL",40162307,RxNorm,1/1/1970,12/31/1999
"DICLOFENAC|50|mg|ORAL",0,TB1015_CM,"DICLOFENAC 50 mg ORAL",40162307,RxNorm,1/1/1970,12/31/1999
"DIFLUCAN|200|mg|ORAL",0,TB1015_CM,"DIFLUCAN 200 mg ORAL",19034582,RxNorm,1/1/1970,12/31/1999
"DIPHENHYDRAMINE COUGH MIXTURE|10|mL|ORAL",0,TB1015_CM,"DIPHENHYDRAMINE COUGH MIXTURE 10 mL ORAL",37496731,RxNorm,1/1/1970,12/31/1999
"DISPERIN|2|TABLET|ORAL|2",0,TB1015_CM,"DISPERIN 2 TABLET ORAL",21103732,RxNorm Extension,1/1/1970,12/31/1999
"DISPRIN|2|TABLET|ORAL|2",0,TB1015_CM,"DISPRIN 2 TABLET ORAL",21103732,RxNorm Extension,1/1/1970,12/31/1999
"DOXYCICLINE|100|mg|ORAL",0,TB1015_CM,"DOXYCICLINE 100 mg ORAL",44086505,RxNorm Extension,1/1/1970,12/31/1999
"DOXYCYCLINE|100|mg|ORAL",0,TB1015_CM,"DOXYCYCLINE 100 mg ORAL",44086505,RxNorm Extension,1/1/1970,12/31/1999
"DPH COUGH|5|mL|ORAL|5",0,TB1015_CM,"DPH COUGH 5 mL ORAL",40033649,RxNorm,1/1/1970,12/31/1999
"DPH|10|mL|ORAL|10",0,TB1015_CM,"DPH 10 mL ORAL",40033649,RxNorm,1/1/1970,12/31/1999
"EFAVIRENZ|400|mg|ORAL",0,TB1015_CM,"EFAVIRENZ 400 mg ORAL",964217,RxNorm,1/1/1970,12/31/1999
"EFAVIRENZ|600|mg|ORAL",0,TB1015_CM,"EFAVIRENZ 600 mg ORAL",19097780,RxNorm,1/1/1970,12/31/1999
"EFV|600|mg|ORAL",0,TB1015_CM,"EFV 600 mg ORAL",1738165,RxNorm,1/1/1970,12/31/1999
"EMITRICITABINE|200|mg|ORAL",0,TB1015_CM,"EMITRICITABINE 200 mg ORAL",19124342,RxNorm,1/1/1970,12/31/1999
"EMTRICITABINE|200|mg|ORAL",0,TB1015_CM,"EMTRICITABINE 200 mg ORAL",19103067,RxNorm,1/1/1970,12/31/1999
"ENALAPRIL|10|mg|ORAL",0,TB1015_CM,"ENALAPRIL 10 mg ORAL",19082957,RxNorm,1/1/1970,12/31/1999
"ENALAPRIL|5|mg|ORAL",0,TB1015_CM,"ENALAPRIL 5 mg ORAL",1341968,RxNorm,1/1/1970,12/31/1999
"ENO (SODIUM BICARBONATE, CITRIC ACID, SODIUM CARBONATE)|1|SACHET|ORAL",0,TB1015_CM,"ENO (SODIUM BICARBONATE, CITRIC ACID, SODIUM CARBONATE) 1 SACHET ORAL",35749489,RxNorm Extension,1/1/1970,12/31/1999
"ENTHIOMINADE|750|mg|ORAL|3",0,TB1015_CM,"ENTHIOMINADE 750 mg ORAL",1750075,RxNorm,1/1/1970,12/31/1999
"ENZYME PROCESS|1|TABLET|ORAL",0,TB1015_CM,"ENZYME PROCESS 1 TABLET ORAL",44121660,RxNorm Extension,1/1/1970,12/31/1999
"EPSOM SALT|5|mL|ORAL",0,TB1015_CM,"EPSOM SALT 5 mL ORAL",40738704,RxNorm,6/4/2018,12/31/1999
"ETAMBUTOL|800|mg|ORAL",0,TB1015_CM,"ETAMBUTOL 800 mg ORAL",42937872,RxNorm Extension,1/1/1970,12/31/1999
"ETHAMBUTOL|1.2|g|ORAL|3",0,TB1015_CM,"ETHAMBUTOL 1.2 g ORAL",1749337,RxNorm,1/1/1970,12/31/1999
"ETHAMBUTOL|1100|mg|ORAL|2.75",0,TB1015_CM,"ETHAMBUTOL 1100 mg ORAL",1749337,RxNorm,1/1/1970,12/31/1999
"ETHAMBUTOL|1200|mg|ORAL|3",0,TB1015_CM,"ETHAMBUTOL 1200 mg ORAL",1749337,RxNorm,1/1/1970,12/31/1999
"ETHAMBUTOL|250|mg|ORAL",0,TB1015_CM,"ETHAMBUTOL 250 mg ORAL",19099967,RxNorm,1/1/1970,12/31/1999
"ETHAMBUTOL|400|mg|ORAL",0,TB1015_CM,"ETHAMBUTOL 400 mg ORAL",1749337,RxNorm,1/1/1970,12/31/1999
"ETHAMBUTOL|600|mg|ORAL|3",0,TB1015_CM,"ETHAMBUTOL 600 mg ORAL",19098938,RxNorm,1/1/1970,12/31/1999
"ETHAMBUTOL|750|mg|ORAL|3",0,TB1015_CM,"ETHAMBUTOL 750 mg ORAL",19099967,RxNorm,1/1/1970,12/31/1999
"ETHAMBUTOL|800|mg|ORAL",0,TB1015_CM,"ETHAMBUTOL 800 mg ORAL",42937872,RxNorm Extension,1/1/1970,12/31/1999
"ETHAMBUTOL|825|mg|ORAL|3",0,TB1015_CM,"ETHAMBUTOL 825 mg ORAL",36074422,RxNorm Extension,1/1/1970,12/31/1999
"ETHANBOTOL|1200|mg|ORAL|3",0,TB1015_CM,"ETHANBOTOL 1200 mg ORAL",1749337,RxNorm,1/1/1970,12/31/1999
"ETHANBUTOL|1600|mg|ORAL|4",0,TB1015_CM,"ETHANBUTOL 1600 mg ORAL",1749337,RxNorm,1/1/1970,12/31/1999
"ETHIANAMIDE|500|mg|ORAL|2",0,TB1015_CM,"ETHIANAMIDE 500 mg ORAL",1750075,RxNorm,1/1/1970,12/31/1999
"ETHIONAMIDE|1500|mg|ORAL|6",0,TB1015_CM,"ETHIONAMIDE 1500 mg ORAL",1750075,RxNorm,1/1/1970,12/31/1999
"ETHIONAMIDE|250|mg|ORAL",0,TB1015_CM,"ETHIONAMIDE 250 mg ORAL",1750076,RxNorm,1/1/1970,12/31/1999
"ETHIONAMIDE|500|mg|ORAL|2",0,TB1015_CM,"ETHIONAMIDE 500 mg ORAL",1750075,RxNorm,1/1/1970,12/31/1999
"ETHIONAMIDE|750|mg|ORAL|3",0,TB1015_CM,"ETHIONAMIDE 750 mg ORAL",1750075,RxNorm,1/1/1970,12/31/1999
"ETHIONMIDE|750|mg|ORAL|3",0,TB1015_CM,"ETHIONMIDE 750 mg ORAL",1750075,RxNorm,1/1/1970,12/31/1999
"ETO|500|mg|ORAL|2",0,TB1015_CM,"ETO 500 mg ORAL",1750075,RxNorm,1/1/1970,12/31/1999
"ETO|750|mg|ORAL|3",0,TB1015_CM,"ETO 750 mg ORAL",1750075,RxNorm,1/1/1970,12/31/1999
"FERROUS SULPHATE|2|TABLET|ORAL|2",0,TB1015_CM,"FERROUS SULPHATE 2 TABLET ORAL",40056535,RxNorm,1/1/1970,12/31/1999
"FERROUS SULPHATE|200|mg|ORAL",0,TB1015_CM,"FERROUS SULPHATE 200 mg ORAL",1396316,RxNorm,1/1/1970,12/31/1999
"FLAGYL-METRONIDAZOLE|500|mg|INTRAVENOUS|5",0,TB1015_CM,"FLAGYL-METRONIDAZOLE 500 mg INTRAVENOUS",35862270,RxNorm Extension,1/1/1970,12/31/1999
"FLAGYL|2|g|ORAL|2",0,TB1015_CM,"FLAGYL 2 g ORAL",19107922,RxNorm,1/1/1970,12/31/1999
"FLUCLOXACILLIN|500|mg|ORAL",0,TB1015_CM,"FLUCLOXACILLIN 500 mg ORAL",19087889,RxNorm,1/1/1970,12/31/1999
"FLUCONAZOLE|200|mg|ORAL",0,TB1015_CM,"FLUCONAZOLE 200 mg ORAL",19019003,RxNorm,1/1/1970,12/31/1999
"FLUEND (DIPHENHYDRAMINE, PARACETAMOL, PHENYLEPHRINE, ASCORBIC ACID)|2|TABLET|ORAL|2",0,TB1015_CM,"FLUEND (DIPHENHYDRAMINE, PARACETAMOL, PHENYLEPHRINE, ASCORBIC ACID) 2 TABLET ORAL",21080687,RxNorm Extension,1/1/1970,12/31/1999
"FLUTICASONE NASAL SPRAY|2|SPRAY|NASAL|2",0,TB1015_CM,"FLUTICASONE NASAL SPRAY 2 SPRAY NASAL",21109244,RxNorm Extension,1/1/1970,12/31/1999
"FOLIC ACID|5|mg|ORAL",0,TB1015_CM,"FOLIC ACID 5 mg ORAL",1387578,RxNorm,1/1/1970,12/31/1999
"FUROSEMIDE|80|mg|INTRAVENOUS",0,TB1015_CM,"FUROSEMIDE 80 mg INTRAVENOUS",36789625,RxNorm Extension,1/1/1970,12/31/1999
"GENTAMYCIN EAR DROPS|1|APPLICATION|TOPICAL",0,TB1015_CM,"GENTAMYCIN EAR DROPS 1 APPLICATION TOPICAL",1594394,RxNorm,1/1/1970,12/31/1999
"GENTAMYCIN EYE DROPS|2|DROP|TOPICAL|2",0,TB1015_CM,"GENTAMYCIN EYE DROPS 2 DROP TOPICAL",1594381,RxNorm,1/1/1970,12/31/1999
"GLIBENCLAMIDE (DIONIL)|5|mg|ORAL",0,TB1015_CM,"GLIBENCLAMIDE (DIONIL) 5 mg ORAL",19077682,RxNorm,1/1/1970,12/31/1999
"GRAND-PA HEADACHE POWDER|1|SACHET|ORAL",0,TB1015_CM,"GRAND-PA HEADACHE POWDER 1 SACHET ORAL",40150393,RxNorm,1/1/1970,12/31/1999
"GRANDPA POWDER (ASPIRIN, PARACETAMOL, CAFFEINE)|1|SACHET|ORAL",0,TB1015_CM,"GRANDPA POWDER (ASPIRIN, PARACETAMOL, CAFFEINE) 1 SACHET ORAL",40150393,RxNorm,1/1/1970,12/31/1999
"GRANDPA POWDER|1|PACKAGE|ORAL",0,TB1015_CM,"GRANDPA POWDER 1 PACKAGE ORAL",40150393,RxNorm,1/1/1970,12/31/1999
"GRANDPA SACHET|1|SACHET|ORAL",0,TB1015_CM,"GRANDPA SACHET 1 SACHET ORAL",40150393,RxNorm,1/1/1970,12/31/1999
"HAEMOVIT|10|mL|ORAL",0,TB1015_CM,"HAEMOVIT 10 mL ORAL",19127425,RxNorm,1/1/1970,12/31/1999
"HALOTHANE|1.5|L|RESPIRATORY (INHALATION)",0,TB1015_CM,"HALOTHANE 1.5 L RESPIRATORY (INHALATION)",1356204,RxNorm,1/1/1970,12/31/1999
"HEMOVIT (FESO4,FOLIC ACID)|10|mL|ORAL",0,TB1015_CM,"HEMOVIT (FESO4,FOLIC ACID) 10 mL ORAL",19127425,RxNorm,1/1/1970,12/31/1999
"HR ( ISONIAZID AND RIFAMPICIN)|675|mg|ORAL|1.5",0,TB1015_CM,"HR ( ISONIAZID AND RIFAMPICIN) 675 mg ORAL",1782544,RxNorm,1/1/1970,12/31/1999
"HR ( ISONIAZIDE AND RIFAMPICINE: ANTI TB CONTINUATION PHASE)|900|mg|ORAL|2",0,TB1015_CM,"HR ( ISONIAZIDE AND RIFAMPICINE: ANTI TB CONTINUATION PHASE) 900 mg ORAL",1782544,RxNorm,1/1/1970,12/31/1999
"HR ( ISONIAZIDE AND RIFAMPICINE: AT-TB CONTINUATION PHASE)|675|mg|ORAL|1.5",0,TB1015_CM,"HR ( ISONIAZIDE AND RIFAMPICINE: AT-TB CONTINUATION PHASE) 675 mg ORAL",1782544,RxNorm,1/1/1970,12/31/1999
"HR (ISONIAZID AND RIFAMOICIN)|675|mg|ORAL|1.5",0,TB1015_CM,"HR (ISONIAZID AND RIFAMOICIN) 675 mg ORAL",1782544,RxNorm,1/1/1970,12/31/1999
"HR (ISONIAZID AND RIFAMPICIN)|1350|mg|ORAL|3",0,TB1015_CM,"HR (ISONIAZID AND RIFAMPICIN) 1350 mg ORAL",1782544,RxNorm,1/1/1970,12/31/1999
"HR (ISONIAZID AND RIFAMPICIN)|1800|mg|ORAL|4",0,TB1015_CM,"HR (ISONIAZID AND RIFAMPICIN) 1800 mg ORAL",1782544,RxNorm,1/1/1970,12/31/1999
"HR (ISONIAZID AND RIFAMPICIN)|675|mg|ORAL|1.5",0,TB1015_CM,"HR (ISONIAZID AND RIFAMPICIN) 675 mg ORAL",1782544,RxNorm,1/1/1970,12/31/1999
"HR (ISONIAZID AND RIFAMPICIN)|900|mg|ORAL|2",0,TB1015_CM,"HR (ISONIAZID AND RIFAMPICIN) 900 mg ORAL",1782544,RxNorm,1/1/1970,12/31/1999
"HR (ISONIAZID AND ROFAMPICIN CONTIUATION PHASE|1800|mg|ORAL|4",0,TB1015_CM,"HR (ISONIAZID AND ROFAMPICIN CONTIUATION PHASE 1800 mg ORAL",1782544,RxNorm,1/1/1970,12/31/1999
"HRZE (ANT-TB CONTINUATION DOSE)|2700|mg|ORAL|3",0,TB1015_CM,"HRZE (ANT-TB CONTINUATION DOSE) 2700 mg ORAL",36061664,RxNorm Extension,1/1/1970,12/31/1999
"HRZE (ANT-TB CONTINUATION PHASE)|2700|mg|ORAL|3",0,TB1015_CM,"HRZE (ANT-TB CONTINUATION PHASE) 2700 mg ORAL",36061664,RxNorm Extension,1/1/1970,12/31/1999
"HRZE (COMBINATION OF ISONIAZID,RIFAMPICIN,PYRAZINAMIDE,, ETHAMBUTOL)|3600|mg|ORAL|4",0,TB1015_CM,"HRZE (COMBINATION OF ISONIAZID,RIFAMPICIN,PYRAZINAMIDE,, ETHAMBUTOL) 3600 mg ORAL",36061664,RxNorm Extension,1/1/1970,12/31/1999
"HRZE (ISONIAZID,RIFAMPICIN, PYRAINAMIDE,ETHAMBUTOL)|3600|mg|ORAL|4",0,TB1015_CM,"HRZE (ISONIAZID,RIFAMPICIN, PYRAINAMIDE,ETHAMBUTOL) 3600 mg ORAL",36061664,RxNorm Extension,1/1/1970,12/31/1999
"HRZE (ISONIAZID,RIFAMPICINE, PYRAZINAMIDE, ETHAMBUTOL)|3600|mg|ORAL|4",0,TB1015_CM,"HRZE (ISONIAZID,RIFAMPICINE, PYRAZINAMIDE, ETHAMBUTOL) 3600 mg ORAL",36061664,RxNorm Extension,1/1/1970,12/31/1999
"HRZE( COMBINATION OF ISONIAID RIFAMPICIN,PYRAINAMIDE, ETHAMBUTOL)|3600|mg|ORAL|4",0,TB1015_CM,"HRZE( COMBINATION OF ISONIAID RIFAMPICIN,PYRAINAMIDE, ETHAMBUTOL) 3600 mg ORAL",36061664,RxNorm Extension,1/1/1970,12/31/1999
"HRZE|2700|mg|ORAL|3",0,TB1015_CM,"HRZE 2700 mg ORAL",36061664,RxNorm Extension,1/1/1970,12/31/1999
"HRZE|3600|mg|ORAL|3",0,TB1015_CM,"HRZE 3600 mg ORAL",36061664,RxNorm Extension,1/1/1970,12/31/1999
"HYDRO-CORTISONE|20|mg|ORAL",0,TB1015_CM,"HYDRO-CORTISONE 20 mg ORAL",975169,RxNorm,1/1/1970,12/31/1999
"HYDRO-CORTISONE|5|mg|ORAL",0,TB1015_CM,"HYDRO-CORTISONE 5 mg ORAL",975193,RxNorm,1/1/1970,12/31/1999
"HYDROCHLOROTHIAZIDE|12.5|mg|ORAL",0,TB1015_CM,"HYDROCHLOROTHIAZIDE 12.5 mg ORAL",19081451,RxNorm,1/1/1970,12/31/1999
"HYDROCHLOROTHIAZIDE|25|mg|ORAL",0,TB1015_CM,"HYDROCHLOROTHIAZIDE 25 mg ORAL",19081453,RxNorm,1/1/1970,12/31/1999
"HYDROCHLORTHIAZIDE|25|mg|ORAL",0,TB1015_CM,"HYDROCHLORTHIAZIDE 25 mg ORAL",19081453,RxNorm,1/1/1970,12/31/1999
"HYDROCLOROTHIAZIDE|12.5|mg|ORAL",0,TB1015_CM,"HYDROCLOROTHIAZIDE 12.5 mg ORAL",19081451,RxNorm,1/1/1970,12/31/1999
"HYDROCORTISONE|10|mg|ORAL",0,TB1015_CM,"HYDROCORTISONE 10 mg ORAL",975168,RxNorm,1/1/1970,12/31/1999
"HYDROCORTISONE|20|mg|ORAL",0,TB1015_CM,"HYDROCORTISONE 20 mg ORAL",975169,RxNorm,1/1/1970,12/31/1999
"HYDROCORTISONE|200|mg|INTRAVENOUS|2",0,TB1015_CM,"HYDROCORTISONE 200 mg INTRAVENOUS",975505,RxNorm,1/1/1970,12/31/1999
"HYDROCORTISONE|5|mg|ORAL",0,TB1015_CM,"HYDROCORTISONE 5 mg ORAL",975193,RxNorm,1/1/1970,12/31/1999
"HYDROCORTIZONE|200|mg|INTRAVENOUS|2",0,TB1015_CM,"HYDROCORTIZONE 200 mg INTRAVENOUS",975505,RxNorm,1/1/1970,12/31/1999
"HYOSPASMOL|10|mg|ORAL",0,TB1015_CM,"HYOSPASMOL 10 mg ORAL",44071432,RxNorm Extension,1/1/1970,12/31/1999
"IBRUFEN|400|mg|ORAL",0,TB1015_CM,"IBRUFEN 400 mg ORAL",19024626,RxNorm,1/1/1970,12/31/1999
"IBUPROFEN|200|mg|ORAL",0,TB1015_CM,"IBUPROFEN 200 mg ORAL",19078461,RxNorm,1/1/1970,12/31/1999
"IBUPROFEN|400|mg|ORAL",0,TB1015_CM,"IBUPROFEN 400 mg ORAL",19019072,RxNorm,1/1/1970,12/31/1999
"IMPLANON|1|IMPLANT|SUBCUTANEOUS",0,TB1015_CM,"IMPLANON 1 IMPLANT SUBCUTANEOUS",40041368,RxNorm,1/1/1970,12/31/1999
"INDOCID|50|mg|ORAL",0,TB1015_CM,"INDOCID 50 mg ORAL",19007943,RxNorm,1/1/1970,12/31/1999
"INH|100|mg|ORAL",0,TB1015_CM,"INH 100 mg ORAL",1782573,RxNorm,1/1/1970,12/31/1999
"INH|200|mg|ORAL",0,TB1015_CM,"INH 200 mg ORAL",19064592,RxNorm,1/1/1970,12/31/1999
"INH|225|mg|ORAL|3",0,TB1015_CM,"INH 225 mg ORAL",35858494,RxNorm Extension,1/1/1970,12/31/1999
"INH|300|mg|ORAL",0,TB1015_CM,"INH 300 mg ORAL",1782543,RxNorm,1/1/1970,12/31/1999
"INH|50|mg|ORAL",0,TB1015_CM,"INH 50 mg ORAL",1782575,RxNorm,1/1/1970,12/31/1999
"IPRATROPIUM BROMIDE|1|mg|RESPIRATORY (INHALATION)|5",0,TB1015_CM,"IPRATROPIUM BROMIDE 1 mg RESPIRATORY (INHALATION)",1113076,RxNorm,1/1/1970,12/31/1999
"ISONIAZID|300|mg|ORAL",0,TB1015_CM,"ISONIAZID 300 mg ORAL",1782543,RxNorm,1/1/1970,12/31/1999
"ISONIAZID|500|mg|ORAL",0,TB1015_CM,"ISONIAZID 500 mg ORAL",35858472,RxNorm Extension,1/1/1970,12/31/1999
"ISONIAZID|600|mg|ORAL|2",0,TB1015_CM,"ISONIAZID 600 mg ORAL",1782543,RxNorm,1/1/1970,12/31/1999
"ISONIAZID|700|mg|ORAL|3.5",0,TB1015_CM,"ISONIAZID 700 mg ORAL",19064592,RxNorm,1/1/1970,12/31/1999
"ISONIAZID|75|mg|ORAL",0,TB1015_CM,"ISONIAZID 75 mg ORAL",35858494,RxNorm Extension,1/1/1970,12/31/1999
"ISONIAZID|800|mg|ORAL|2",0,TB1015_CM,"ISONIAZID 800 mg ORAL",19110471,RxNorm,1/1/1970,12/31/1999
"ISONIAZID|900|mg|ORAL|3",0,TB1015_CM,"ISONIAZID 900 mg ORAL",1782543,RxNorm,1/1/1970,12/31/1999
"ISONIAZIDE AND RIFAMPICIN (4HR-CONTINUATION PHASE)|1800|mg|ORAL|4",0,TB1015_CM,"ISONIAZIDE AND RIFAMPICIN (4HR-CONTINUATION PHASE) 1800 mg ORAL",1782544,RxNorm,1/1/1970,12/31/1999
"ISONIZID|300|mg|ORAL",0,TB1015_CM,"ISONIZID 300 mg ORAL",1782543,RxNorm,1/1/1970,12/31/1999
"ISONIZID|75|mg|ORAL",0,TB1015_CM,"ISONIZID 75 mg ORAL",35858494,RxNorm Extension,1/1/1970,12/31/1999
"KANAMAYCIN|800|mg|INTRAMUSCULAR|0.8",0,TB1015_CM,"KANAMAYCIN 800 mg INTRAMUSCULAR",42939506,RxNorm Extension,1/1/1970,12/31/1999
"KANAMYCIN|1|g|INTRAMUSCULAR",0,TB1015_CM,"KANAMYCIN 1 g INTRAMUSCULAR",42939506,RxNorm Extension,1/1/1970,12/31/1999
"KANAMYCIN|1|g|ORAL|2",0,TB1015_CM,"KANAMYCIN 1 g ORAL",1784769,RxNorm,1/1/1970,12/31/1999
"KANAMYCIN|1000|mg|INTRAMUSCULAR",0,TB1015_CM,"KANAMYCIN 1000 mg INTRAMUSCULAR",42939506,RxNorm Extension,1/1/1970,12/31/1999
"KANAMYCIN|500|mg|INTRAMUSCULAR|0.5",0,TB1015_CM,"KANAMYCIN 500 mg INTRAMUSCULAR",42939506,RxNorm Extension,1/1/1970,12/31/1999
"KANAMYCIN|700|mg|INTRAMUSCULAR|0.7",0,TB1015_CM,"KANAMYCIN 700 mg INTRAMUSCULAR",42939506,RxNorm Extension,1/1/1970,12/31/1999
"KANAMYCIN|750|mg|INTRAMUSCULAR|0.75",0,TB1015_CM,"KANAMYCIN 750 mg INTRAMUSCULAR",42939506,RxNorm Extension,1/1/1970,12/31/1999
"KANAMYCIN|800|mg|INTRAMUSCULAR|0.8",0,TB1015_CM,"KANAMYCIN 800 mg INTRAMUSCULAR",42939506,RxNorm Extension,1/1/1970,12/31/1999
"KANAMYCIN|900|mg|INTRAMUSCULAR|0.9",0,TB1015_CM,"KANAMYCIN 900 mg INTRAMUSCULAR",42939506,RxNorm Extension,1/1/1970,12/31/1999
"KANAMYCIN|950|mg|INTRAMUSCULAR|0.95",0,TB1015_CM,"KANAMYCIN 950 mg INTRAMUSCULAR",42939506,RxNorm Extension,1/1/1970,12/31/1999
"KAYEXALATE|30|g|ORAL|2",0,TB1015_CM,"KAYEXALATE 30 g ORAL",19078129,RxNorm,1/1/1970,12/31/1999
"KETAMINE|100|mg|INTRAVENOUS",0,TB1015_CM,"KETAMINE 100 mg INTRAVENOUS",19057196,RxNorm,1/1/1970,12/31/1999
"KETOROLAC TROMETHAMINE|1|DROP|TOPICAL",0,TB1015_CM,"KETOROLAC TROMETHAMINE 1 DROP TOPICAL",40164855,RxNorm,1/1/1970,12/31/1999
"LACTULOSE|10|mL|ORAL|10",0,TB1015_CM,"LACTULOSE 10 mL ORAL",40051138,RxNorm,1/1/1970,12/31/1999
"LAMIVUDINE|1|TABLET|ORAL",0,TB1015_CM,"LAMIVUDINE 1 TABLET ORAL",40051187,RxNorm,1/1/1970,12/31/1999
"LAMIVUDINE|150|mg|ORAL",0,TB1015_CM,"LAMIVUDINE 150 mg ORAL",1704186,RxNorm,1/1/1970,12/31/1999
"LAMIVUDINE|300|mg|ORAL",0,TB1015_CM,"LAMIVUDINE 300 mg ORAL",1704217,RxNorm,1/1/1970,12/31/1999
"LANSOPRAZOLE|30|mg|ORAL",0,TB1015_CM,"LANSOPRAZOLE 30 mg ORAL",44097174,RxNorm Extension,1/1/1970,12/31/1999
"LASIX|20|mg|INTRAVENOUS",0,TB1015_CM,"LASIX 20 mg INTRAVENOUS",35147333,RxNorm Extension,1/1/1970,12/31/1999
"LASIX|40|mg|INTRAVENOUS",0,TB1015_CM,"LASIX 40 mg INTRAVENOUS",35850223,RxNorm Extension,1/1/1970,12/31/1999
"LASIX|80|mg|INTRAVENOUS|2",0,TB1015_CM,"LASIX 80 mg INTRAVENOUS",35850223,RxNorm Extension,1/1/1970,12/31/1999
"LEVOFLOCAXIN|750|mg|ORAL",0,TB1015_CM,"LEVOFLOCAXIN 750 mg ORAL",1742284,RxNorm,1/1/1970,12/31/1999
"LEVOFLOX|500|mg|ORAL",0,TB1015_CM,"LEVOFLOX 500 mg ORAL",1742255,RxNorm,1/1/1970,12/31/1999
"LEVOFLOXACIN|1|g|ORAL|2",0,TB1015_CM,"LEVOFLOXACIN 1 g ORAL",1742255,RxNorm,1/1/1970,12/31/1999
"LEVOFLOXACIN|1000|mg|ORAL|2",0,TB1015_CM,"LEVOFLOXACIN 1000 mg ORAL",1742255,RxNorm,1/1/1970,12/31/1999
"LEVOFLOXACIN|500|mg|ORAL",0,TB1015_CM,"LEVOFLOXACIN 500 mg ORAL",1742255,RxNorm,1/1/1970,12/31/1999
"LEVOFLOXACIN|500|mL|ORAL",0,TB1015_CM,"LEVOFLOXACIN 500 mL ORAL",1742255,RxNorm,1/1/1970,12/31/1999
"LEVOFLOXACIN|750|mg|ORAL",0,TB1015_CM,"LEVOFLOXACIN 750 mg ORAL",1742284,RxNorm,1/1/1970,12/31/1999
"LINCTUS (CHLORPHENIRAMINE)|10|mL|ORAL",0,TB1015_CM,"LINCTUS (CHLORPHENIRAMINE) 10 mL ORAL",21106376,RxNorm Extension,1/1/1970,12/31/1999
"LINEZOLID|600|mg|ORAL",0,TB1015_CM,"LINEZOLID 600 mg ORAL",1736892,RxNorm,1/1/1970,12/31/1999
"LOPERAMIDE|1|TABLET|ORAL",0,TB1015_CM,"LOPERAMIDE 1 TABLET ORAL",40937447,RxNorm Extension,1/1/1970,12/31/1999
"LOPERAMIDE|6|mg|ORAL|3",0,TB1015_CM,"LOPERAMIDE 6 mg ORAL",40937447,RxNorm Extension,1/1/1970,12/31/1999
"LOSEC|20|mg|ORAL",0,TB1015_CM,"LOSEC 20 mg ORAL",19101743,RxNorm,1/1/1970,12/31/1999
"MAXALON|10|mg|ORAL",0,TB1015_CM,"MAXALON 10 mg ORAL",19005922,RxNorm,1/1/1970,12/31/1999
"MAXIMUS ( NITRIC OXIDE)|2|TABLET|ORAL",0,TB1015_CM,"MAXIMUS ( NITRIC OXIDE) 2 TABLET ORAL",44120396,RxNorm Extension,1/1/1970,12/31/1999
"MAXOLON|10|mg|INTRAVENOUS|2",0,TB1015_CM,"MAXOLON 10 mg INTRAVENOUS",21174260,RxNorm Extension,1/1/1970,12/31/1999
"MAXOLON|10|mg|ORAL",0,TB1015_CM,"MAXOLON 10 mg ORAL",19005922,RxNorm,1/1/1970,12/31/1999
"MDELEMON|1|PACKET|ORAL",0,TB1015_CM,"MDELEMON 1 PACKET ORAL",40011450,RxNorm,1/1/1970,12/31/1999
"MED-LEMON (ASPIRIN, CAFFEINE, MENTHOL, VITAMIN C)|1|SACHET|ORAL",0,TB1015_CM,"MED-LEMON (ASPIRIN, CAFFEINE, MENTHOL, VITAMIN C) 1 SACHET ORAL",40011450,RxNorm,1/1/1970,12/31/1999
"MEDRIACYL|0.5|mg|TOPICAL",0,TB1015_CM,"MEDRIACYL 0.5 mg TOPICAL",19039196,RxNorm,1/1/1970,12/31/1999
"MEDRIACYL|1|DROP|TOPICAL",0,TB1015_CM,"MEDRIACYL 1 DROP TOPICAL",19039196,RxNorm,1/1/1970,12/31/1999
"MEDROXPROGESTERONE|400|mg|INTRAMUSCULAR",0,TB1015_CM,"MEDROXPROGESTERONE 400 mg INTRAMUSCULAR",40224831,RxNorm,1/1/1970,12/31/1999
"MEDROXYPROGESTERONE ACETATE|150|mg|INTRAMUSCULAR",0,TB1015_CM,"MEDROXYPROGESTERONE ACETATE 150 mg INTRAMUSCULAR",40224804,RxNorm,1/1/1970,12/31/1999
"MEDROXYPROGESTERONE|150|mg|INTRAMUSCULAR",0,TB1015_CM,"MEDROXYPROGESTERONE 150 mg INTRAMUSCULAR",40224804,RxNorm,1/1/1970,12/31/1999
"MEDROXYPROGETE NONE ACETATE|150|mg|INTRAMUSCULAR",0,TB1015_CM,"MEDROXYPROGETE NONE ACETATE 150 mg INTRAMUSCULAR",40224804,RxNorm,1/1/1970,12/31/1999
"METFORMIN|500|mg|ORAL",0,TB1015_CM,"METFORMIN 500 mg ORAL",35866035,RxNorm Extension,1/1/1970,12/31/1999
"METFORMIN|850|mg|ORAL",0,TB1015_CM,"METFORMIN 850 mg ORAL",21051790,RxNorm Extension,1/1/1970,12/31/1999
"METHYLSALICILATE OITMENT|1|APPLICATION|TOPICAL",0,TB1015_CM,"METHYLSALICILATE OITMENT 1 APPLICATION TOPICAL",40056317,RxNorm,1/1/1970,12/31/1999
"METHYLSALICYLATE OINTMENT|1|APPLICATION|TOPICAL",0,TB1015_CM,"METHYLSALICYLATE OINTMENT 1 APPLICATION TOPICAL",40056317,RxNorm,1/1/1970,12/31/1999
"METHYLSALICYLATE OINTMENT|1|OINTMENT|TOPICAL",0,TB1015_CM,"METHYLSALICYLATE OINTMENT 1 OINTMENT TOPICAL",40056317,RxNorm,1/1/1970,12/31/1999
"METOCHLOPROMIDE|10|mg|ORAL",0,TB1015_CM,"METOCHLOPROMIDE 10 mg ORAL",906891,RxNorm,1/1/1970,12/31/1999
"METOCLOPRAMIDE|10|mg|ORAL",0,TB1015_CM,"METOCLOPRAMIDE 10 mg ORAL",906891,RxNorm,1/1/1970,12/31/1999
"METRONIDAZOLE|2|g|ORAL|2",0,TB1015_CM,"METRONIDAZOLE 2 g ORAL",19107922,RxNorm,1/1/1970,12/31/1999
"METRONIDAZOLE|400|mg|ORAL",0,TB1015_CM,"METRONIDAZOLE 400 mg ORAL",19088344,RxNorm,1/1/1970,12/31/1999
"METRONIDAZOLE|800|mg|ORAL|2",0,TB1015_CM,"METRONIDAZOLE 800 mg ORAL",19088344,RxNorm,1/1/1970,12/31/1999
"MOXIFLOCIN|400|mg|ORAL",0,TB1015_CM,"MOXIFLOCIN 400 mg ORAL",1716905,RxNorm,1/1/1970,12/31/1999
"MOXIFLOX|400|mg|ORAL",0,TB1015_CM,"MOXIFLOX 400 mg ORAL",1716905,RxNorm,1/1/1970,12/31/1999
"MOXIFLOXACIN|400|mg|ORAL",0,TB1015_CM,"MOXIFLOXACIN 400 mg ORAL",1716905,RxNorm,1/1/1970,12/31/1999
"MOXIFLOXIN|400|mg|ORAL",0,TB1015_CM,"MOXIFLOXIN 400 mg ORAL",1716905,RxNorm,1/1/1970,12/31/1999
"MOXYFLOXACIN|400|mg|ORAL",0,TB1015_CM,"MOXYFLOXACIN 400 mg ORAL",1716905,RxNorm,1/1/1970,12/31/1999
"MOXYFLOXIN|400|mg|ORAL",0,TB1015_CM,"MOXYFLOXIN 400 mg ORAL",1716905,RxNorm,1/1/1970,12/31/1999
"MULTIVITAMIN|1|TABLET|ORAL",0,TB1015_CM,"MULTIVITAMIN 1 TABLET ORAL",21125875,RxNorm Extension,1/1/1970,12/31/1999
"MULTIVITE|1|TABLET|ORAL",0,TB1015_CM,"MULTIVITE 1 TABLET ORAL",21125875,RxNorm Extension,1/1/1970,12/31/1999
"MYCHOCYL (TROPICAMIDE)|1|DROP|TOPICAL",0,TB1015_CM,"MYCHOCYL (TROPICAMIDE) 1 DROP TOPICAL",906115,RxNorm,1/1/1970,12/31/1999
"MYCOSTATIN|4|DROP|ORAL",0,TB1015_CM,"MYCOSTATIN 4 DROP ORAL",40068150,RxNorm,1/1/1970,12/31/1999
"MYDRAICYL|4|gtt|TOPICAL|4",0,TB1015_CM,"MYDRAICYL 4 gtt TOPICAL",19048317,RxNorm,1/1/1970,12/31/1999
"MYDRIACIL|1|DROP IN EACH EYE|TOPICAL",0,TB1015_CM,"MYDRIACIL 1 DROP IN EACH EYE TOPICAL",19048317,RxNorm,1/1/1970,12/31/1999
"MYDRIACIL|1|IN EACH EYE|TOPICAL",0,TB1015_CM,"MYDRIACIL 1 IN EACH EYE TOPICAL",19048317,RxNorm,1/1/1970,12/31/1999
"MYDRIACYL|1|DROP|TOPICAL",0,TB1015_CM,"MYDRIACYL 1 DROP TOPICAL",19048317,RxNorm,1/1/1970,12/31/1999
"MYDRIACYL|2|DROP|TOPICAL|2",0,TB1015_CM,"MYDRIACYL 2 DROP TOPICAL",19048317,RxNorm,1/1/1970,12/31/1999
"MYDRIACYL|2|gtt|TOPICAL|2",0,TB1015_CM,"MYDRIACYL 2 gtt TOPICAL",19048317,RxNorm,1/1/1970,12/31/1999
"MYDRIACYL|4|DROP|TOPICAL|4",0,TB1015_CM,"MYDRIACYL 4 DROP TOPICAL",19048317,RxNorm,1/1/1970,12/31/1999
"MYDRIACYL|4|gtt|TOPICAL|4",0,TB1015_CM,"MYDRIACYL 4 gtt TOPICAL",19048317,RxNorm,1/1/1970,12/31/1999
"MYDRIACYL|4|TABLET|TOPICAL|4",0,TB1015_CM,"MYDRIACYL 4 TABLET TOPICAL",19048317,RxNorm,1/1/1970,12/31/1999
"MYDRIALCYL|4|DROP|TOPICAL|4",0,TB1015_CM,"MYDRIALCYL 4 DROP TOPICAL",19048317,RxNorm,1/1/1970,12/31/1999
"MYDRICYL|4|gtt|TOPICAL|4",0,TB1015_CM,"MYDRICYL 4 gtt TOPICAL",19048317,RxNorm,1/1/1970,12/31/1999
"MYLOCORT|1|APPLICATION|TOPICAL",0,TB1015_CM,"MYLOCORT 1 APPLICATION TOPICAL",40226634,RxNorm,1/1/1970,12/31/1999
"MYLOCORT|10|mL|TOPICAL",0,TB1015_CM,"MYLOCORT 10 mL TOPICAL",19008572,RxNorm,1/1/1970,12/31/1999
"MYRIACYL|4|gtt|TOPICAL|4",0,TB1015_CM,"MYRIACYL 4 gtt TOPICAL",19048317,RxNorm,1/1/1970,12/31/1999
"NAVIRAPINE|200|mg|ORAL",0,TB1015_CM,"NAVIRAPINE 200 mg ORAL",1769390,RxNorm,1/1/1970,12/31/1999
"NEVIRAPINE|200|mg|ORAL",0,TB1015_CM,"NEVIRAPINE 200 mg ORAL",1769390,RxNorm,1/1/1970,12/31/1999
"NIFEDIPINE|20|mg|ORAL",0,TB1015_CM,"NIFEDIPINE 20 mg ORAL",1318860,RxNorm,1/1/1970,12/31/1999
"NORGESTREL AND ETHYNYL ETRADIOL|1|TABLET|ORAL",0,TB1015_CM,"NORGESTREL AND ETHYNYL ETRADIOL 1 TABLET ORAL",40039793,RxNorm,1/1/1970,12/31/1999
"NORMAL SALINE 0.9%|2000|mL|INTRAVENOUS",0,TB1015_CM,"NORMAL SALINE 0.9% 2000 mL INTRAVENOUS",19079524,RxNorm,1/1/1970,12/31/1999
"NUR-ISTERATE|200|mg|INTRAMUSCULAR",0,TB1015_CM,"NUR-ISTERATE 200 mg INTRAMUSCULAR",42902276,RxNorm,1/1/1970,12/31/1999
"NVP|200|mg|ORAL",0,TB1015_CM,"NVP 200 mg ORAL",1769390,RxNorm,1/1/1970,12/31/1999
"NYSTATIN|1|mL|ORAL",0,TB1015_CM,"NYSTATIN 1 mL ORAL",19105647,RxNorm,1/1/1970,12/31/1999
"OCTIN|2|DROP|AURICULAR (OTIC)",0,TB1015_CM,"OCTIN 2 DROP AURICULAR (OTIC)",40069655,RxNorm,1/1/1970,12/31/1999
"ODIMUNE - (FTC/TDF/EFV)|1|TABLET|ORAL",0,TB1015_CM,"ODIMUNE - (FTC/TDF/EFV) 1 TABLET ORAL",40134707,RxNorm,1/1/1970,12/31/1999
"ODIMUNE|1|TABLET|ORAL",0,TB1015_CM,"ODIMUNE 1 TABLET ORAL",40134707,RxNorm,1/1/1970,12/31/1999
"OFLOXACIN|400|mg|ORAL",0,TB1015_CM,"OFLOXACIN 400 mg ORAL",19081762,RxNorm,1/1/1970,12/31/1999
"ORAL REHYDRATION SOLUTION CONTAINING SODIUM CHLORIDE. SODIUM BICARBONATE, POTASSIUM CHLORIDE AND GLUCOSE|999|mL|ORAL",0,TB1015_CM,"ORAL REHYDRATION SOLUTION CONTAINING SODIUM CHLORIDE. SODIUM BICARBONATE, POTASSIUM CHLORIDE AND GLUCOSE 999 mL ORAL",44029903,RxNorm Extension,1/1/1970,12/31/1999
"P-AMINOSALICYLIC ACID|4|g|ORAL",0,TB1015_CM,"P-AMINOSALICYLIC ACID 4 g ORAL",1726264,RxNorm,1/1/1970,12/31/1999
"PAINAMOL|1|g|ORAL",0,TB1015_CM,"PAINAMOL 1 g ORAL",19107244,RxNorm,1/1/1970,12/31/1999
"PAINBLOCK (PARACETAMOL)|2|TABLET|ORAL",0,TB1015_CM,"PAINBLOCK (PARACETAMOL) 2 TABLET ORAL",43273191,RxNorm Extension,1/1/1970,12/31/1999
"PAINBLOK|500|mg|ORAL",0,TB1015_CM,"PAINBLOK 500 mg ORAL",19020053,RxNorm,1/1/1970,12/31/1999
"PANADO|1|g|ORAL",0,TB1015_CM,"PANADO 1 g ORAL",19107244,RxNorm,1/1/1970,12/31/1999
"PANADO|100|mg|ORAL",0,TB1015_CM,"PANADO 100 mg ORAL",35872525,RxNorm Extension,1/1/1970,12/31/1999
"PANADO|2|TABLET|ORAL|2",0,TB1015_CM,"PANADO 2 TABLET ORAL",19020053,RxNorm,1/1/1970,12/31/1999
"PANADO|500|mg|ORAL",0,TB1015_CM,"PANADO 500 mg ORAL",19020053,RxNorm,1/1/1970,12/31/1999
"PARACETAMOL TABS|1|g|ORAL",0,TB1015_CM,"PARACETAMOL TABS 1 g ORAL",19020053,RxNorm,1/1/1970,12/31/1999
"PARACETAMOL|1|g|ORAL",0,TB1015_CM,"PARACETAMOL 1 g ORAL",19107244,RxNorm,1/1/1970,12/31/1999
"PARACETAMOL|1000|mg|ORAL",0,TB1015_CM,"PARACETAMOL 1000 mg ORAL",19107244,RxNorm,1/1/1970,12/31/1999
"PARACETAMOL|2|TABLET|ORAL|2",0,TB1015_CM,"PARACETAMOL 2 TABLET ORAL",19020053,RxNorm,1/1/1970,12/31/1999
"PARACETAMOL|500|mg|ORAL",0,TB1015_CM,"PARACETAMOL 500 mg ORAL",19020053,RxNorm,1/1/1970,12/31/1999
"PARACETEMOL|2|TABLET|ORAL|2",0,TB1015_CM,"PARACETEMOL 2 TABLET ORAL",19020053,RxNorm,1/1/1970,12/31/1999
"PAS|1|g|ORAL",0,TB1015_CM,"PAS 1 g ORAL",19107244,RxNorm,1/1/1970,12/31/1999
"PETHIDINE|50|mg|INTRAMUSCULAR",0,TB1015_CM,"PETHIDINE 50 mg INTRAMUSCULAR",44123148,RxNorm Extension,1/1/1970,12/31/1999
"PETOGEN|150|mg|INTRAMUSCULAR|3",0,TB1015_CM,"PETOGEN 150 mg INTRAMUSCULAR",35141429,RxNorm Extension,1/1/1970,12/31/1999
"PETOGEN|150|mL|INTRAMUSCULAR|3",0,TB1015_CM,"PETOGEN 150 mL INTRAMUSCULAR",35141429,RxNorm Extension,1/1/1970,12/31/1999
"PHALCODEINE SYRUP 7.5 mL ORAL|7.5",0,TB1015_CM,"PHALCODEINE SYRUP 7.5 mL ORAL",19063314,RxNorm,1/1/1970,12/31/1999
"PHELYLEPINEPHRINE|1|DROP|TOPICAL",0,TB1015_CM,"PHELYLEPINEPHRINE 1 DROP TOPICAL",40132102,RxNorm,1/1/1970,12/31/1999
"PHELYLEPINEPHRINE|1|DROP|TOPICAL)",0,TB1015_CM,"PHELYLEPINEPHRINE 1 DROP TOPICAL)",40132102,RxNorm,1/1/1970,12/31/1999
"PHENERGAN|25|mg|INTRAMUSCULAR",0,TB1015_CM,"PHENERGAN 25 mg INTRAMUSCULAR",40180077,RxNorm,1/1/1970,12/31/1999
"PHENOXYMETHYLPENICILLIN|500|mg|ORAL",0,TB1015_CM,"PHENOXYMETHYLPENICILLIN 500 mg ORAL",19133905,RxNorm,1/1/1970,12/31/1999
"PHENYLEPHRINE + TROPICAMIDE|2|DROP|TOPICAL",0,TB1015_CM,"PHENYLEPHRINE + TROPICAMIDE 2 DROP TOPICAL",40073281,RxNorm,1/1/1970,12/31/1999
"PHENYLEPHRINE 5%|1|DROP|TOPICAL",0,TB1015_CM,"PHENYLEPHRINE 5% 1 DROP TOPICAL",40132102,RxNorm,1/1/1970,12/31/1999
"PHENYLEPHRINE AND TROPICAMIDE|8|DROP|TOPICAL",0,TB1015_CM,"PHENYLEPHRINE AND TROPICAMIDE 8 DROP TOPICAL",40073281,RxNorm,1/1/1970,12/31/1999
"PHENYLEPHRINE+TROPICAMIDE|1|DROP|TOPICAL",0,TB1015_CM,"PHENYLEPHRINE+TROPICAMIDE 1 DROP TOPICAL",40073281,RxNorm,1/1/1970,12/31/1999
"PHENYLEPINE  PHRINE|1|DROP|TOPICAL",0,TB1015_CM,"PHENYLEPINE  PHRINE 1 DROP TOPICAL",40132102,RxNorm,1/1/1970,12/31/1999
"PHENYLEPINEPHINE|1|DROP|TOPICAL)",0,TB1015_CM,"PHENYLEPINEPHINE 1 DROP TOPICAL)",40132102,RxNorm,1/1/1970,12/31/1999
"PHENYLEPINEPHRINE AND TROPICAMIDE|4|DROP|TOPICAL",0,TB1015_CM,"PHENYLEPINEPHRINE AND TROPICAMIDE 4 DROP TOPICAL",40073281,RxNorm,1/1/1970,12/31/1999
"PHENYLEPINEPHRINE AND TROPICAMIDE|8|DROP|TOPICAL",0,TB1015_CM,"PHENYLEPINEPHRINE AND TROPICAMIDE 8 DROP TOPICAL",40073281,RxNorm,1/1/1970,12/31/1999
"PHENYLEPINEPHRINE TROPICAMIDA|4|DROP|TOPICAL",0,TB1015_CM,"PHENYLEPINEPHRINE TROPICAMIDA 4 DROP TOPICAL",40073281,RxNorm,1/1/1970,12/31/1999
"PHENYLEPINEPHRINE|0.5|mg|TOPICAL",0,TB1015_CM,"PHENYLEPINEPHRINE 0.5 mg TOPICAL",40132102,RxNorm,1/1/1970,12/31/1999
"PHENYLEPINEPHRINE|1|DROP|TOPICAL",0,TB1015_CM,"PHENYLEPINEPHRINE 1 DROP TOPICAL",40132102,RxNorm,1/1/1970,12/31/1999
"PHENYLEPINEPHRINE|1|DROP|TOPICAL)",0,TB1015_CM,"PHENYLEPINEPHRINE 1 DROP TOPICAL)",40132102,RxNorm,1/1/1970,12/31/1999
"PHENYLEPIREPHRINE AND TROPICAMIDE|8|DROP|TOPICAL",0,TB1015_CM,"PHENYLEPIREPHRINE AND TROPICAMIDE 8 DROP TOPICAL",40073281,RxNorm,1/1/1970,12/31/1999
"PLASIL|10|mg|ORAL",0,TB1015_CM,"PLASIL 10 mg ORAL",906891,RxNorm,1/1/1970,12/31/1999
"POLYFRESH(SODIUM HYALURONATE)|1|APPLICATION|TOPICAL",0,TB1015_CM,"POLYFRESH(SODIUM HYALURONATE) 1 APPLICATION TOPICAL",40131671,RxNorm,1/1/1970,12/31/1999
"POSEX FORTE CAPSULE|1|CAPSULE|ORAL",0,TB1015_CM,"POSEX FORTE CAPSULE 1 CAPSULE ORAL",35159661,RxNorm Extension,1/1/1970,12/31/1999
"PREDINSONE|20|mg|ORAL",0,TB1015_CM,"PREDINSONE 20 mg ORAL",1551170,RxNorm,1/1/1970,12/31/1999
"PREDNISON|25|mg|ORAL",0,TB1015_CM,"PREDNISON 25 mg ORAL",1551171,RxNorm,1/1/1970,12/31/1999
"PREDNISONE|10|mg|ORAL",0,TB1015_CM,"PREDNISONE 10 mg ORAL",1551101,RxNorm,1/1/1970,12/31/1999
"PREDNISONE|20|mg|ORAL",0,TB1015_CM,"PREDNISONE 20 mg ORAL",1551170,RxNorm,1/1/1970,12/31/1999
"PREDNISONE|30|mg|ORAL",0,TB1015_CM,"PREDNISONE 30 mg ORAL",1235466,RxNorm Extension,1/1/1970,12/31/1999
"PREDNISONE|40|mg|ORAL",0,TB1015_CM,"PREDNISONE 40 mg ORAL",19106694,RxNorm,1/1/1970,12/31/1999
"PROCHLORPERAZINE|12.5|mg|INTRAMUSCULAR",0,TB1015_CM,"PROCHLORPERAZINE 12.5 mg INTRAMUSCULAR",19061974,RxNorm,1/1/1970,12/31/1999
"PROCYDIN|3|TABLET|ORAL",0,TB1015_CM,"PROCYDIN 3 TABLET ORAL",1392182,RxNorm,1/1/1970,12/31/1999
"PROMETHAZINE|25|mg|ORAL",0,TB1015_CM,"PROMETHAZINE 25 mg ORAL",40180065,RxNorm,1/1/1970,12/31/1999
"PYRAZIMINADE|1.75|g|ORAL|3.5",0,TB1015_CM,"PYRAZIMINADE 1.75 g ORAL",1759456,RxNorm,1/1/1970,12/31/1999
"PYRAZINAMIDE|1.5|g|ORAL|3",0,TB1015_CM,"PYRAZINAMIDE 1.5 g ORAL",1759456,RxNorm,1/1/1970,12/31/1999
"PYRAZINAMIDE|1.5|mg|ORAL|3",0,TB1015_CM,"PYRAZINAMIDE 1.5 mg ORAL",1759456,RxNorm,1/1/1970,12/31/1999
"PYRAZINAMIDE|1.75|g|ORAL|3.5",0,TB1015_CM,"PYRAZINAMIDE 1.75 g ORAL",1759456,RxNorm,1/1/1970,12/31/1999
"PYRAZINAMIDE|1|g|ORAL|2",0,TB1015_CM,"PYRAZINAMIDE 1 g ORAL",1759456,RxNorm,1/1/1970,12/31/1999
"PYRAZINAMIDE|1500|mg|ORAL|3",0,TB1015_CM,"PYRAZINAMIDE 1500 mg ORAL",1759456,RxNorm,1/1/1970,12/31/1999
"PYRAZINAMIDE|1600|mg|ORAL|3.2",0,TB1015_CM,"PYRAZINAMIDE 1600 mg ORAL",1759456,RxNorm,1/1/1970,12/31/1999
"PYRAZINAMIDE|1750|mg|ORAL|3.5",0,TB1015_CM,"PYRAZINAMIDE 1750 mg ORAL",1759456,RxNorm,1/1/1970,12/31/1999
"PYRAZINAMIDE|2|g|ORAL|4",0,TB1015_CM,"PYRAZINAMIDE 2 g ORAL",1759456,RxNorm,1/1/1970,12/31/1999
"PYRAZINAMIDE|500|mg|ORAL",0,TB1015_CM,"PYRAZINAMIDE 500 mg ORAL",1759456,RxNorm,1/1/1970,12/31/1999
"PYRAZINAMIDE|750|mg|ORAL|1.5",0,TB1015_CM,"PYRAZINAMIDE 750 mg ORAL",1759456,RxNorm,1/1/1970,12/31/1999
"PYRAZONAMIDE|1500|mg|ORAL|3",0,TB1015_CM,"PYRAZONAMIDE 1500 mg ORAL",1759456,RxNorm,1/1/1970,12/31/1999
"PYRID0XINE|25|mg|ORAL",0,TB1015_CM,"PYRID0XINE 25 mg ORAL",40238937,RxNorm,1/1/1970,12/31/1999
"PYRIDOXINE|1|TABLET|ORAL",0,TB1015_CM,"PYRIDOXINE 1 TABLET ORAL",40239341,RxNorm,1/1/1970,12/31/1999
"PYRIDOXINE|100|mg|ORAL",0,TB1015_CM,"PYRIDOXINE 100 mg ORAL",36893635,RxNorm Extension,1/1/1970,12/31/1999
"PYRIDOXINE|150|mg|ORAL",0,TB1015_CM,"PYRIDOXINE 150 mg ORAL",44117119,RxNorm Extension,1/1/1970,12/31/1999
"PYRIDOXINE|25|mg|ORAL",0,TB1015_CM,"PYRIDOXINE 25 mg ORAL",40238937,RxNorm,1/1/1970,12/31/1999
"PYRIDOXINE|3|TABLET|ORAL|3",0,TB1015_CM,"PYRIDOXINE 3 TABLET ORAL",40239341,RxNorm,1/1/1970,12/31/1999
"PYRIDOXINE|50|mg|ORAL",0,TB1015_CM,"PYRIDOXINE 50 mg ORAL",44045292,RxNorm Extension,1/1/1970,12/31/1999
"PYRIDOXINE|75|mg|ORAL",0,TB1015_CM,"PYRIDOXINE 75 mg ORAL",19133143,RxNorm,1/1/1970,12/31/1999
"PYRIZANAMIDE|1|g|ORAL|2",0,TB1015_CM,"PYRIZANAMIDE 1 g ORAL",1759456,RxNorm,1/1/1970,12/31/1999
"PYRODOXINE|150|mg|ORAL",0,TB1015_CM,"PYRODOXINE 150 mg ORAL",44117119,RxNorm Extension,1/1/1970,12/31/1999
"PYRODOXINE|25|mg|ORAL",0,TB1015_CM,"PYRODOXINE 25 mg ORAL",40238937,RxNorm,1/1/1970,12/31/1999
"PZA|1.2|g|ORAL|3",0,TB1015_CM,"PZA 1.2 g ORAL",35859596,RxNorm Extension,1/1/1970,12/31/1999
"PZA|1.6|g|ORAL|4",0,TB1015_CM,"PZA 1.6 g ORAL",35859596,RxNorm Extension,1/1/1970,12/31/1999
"PZA|1.75|g|ORAL|4.375",0,TB1015_CM,"PZA 1.75 g ORAL",35859596,RxNorm Extension,1/1/1970,12/31/1999
"PZA|1|g|ORAL|2",0,TB1015_CM,"PZA 1 g ORAL",1759456,RxNorm,1/1/1970,12/31/1999
"PZA|1200|mg|ORAL|3",0,TB1015_CM,"PZA 1200 mg ORAL",35859596,RxNorm Extension,1/1/1970,12/31/1999
"PZA|1600|mg|ORAL|4",0,TB1015_CM,"PZA 1600 mg ORAL",35859596,RxNorm Extension,1/1/1970,12/31/1999
"PZA|2|g|ORAL|5",0,TB1015_CM,"PZA 2 g ORAL",35859596,RxNorm Extension,1/1/1970,12/31/1999
"PZA|750|mg|ORAL|3",0,TB1015_CM,"PZA 750 mg ORAL",19061734,RxNorm,1/1/1970,12/31/1999
"RALTEGRAVIR|400|mg|ORAL",0,TB1015_CM,"RALTEGRAVIR 400 mg ORAL",1712891,RxNorm,1/1/1970,12/31/1999
"RALTERGRAVIR|400|mg|ORAL",0,TB1015_CM,"RALTERGRAVIR 400 mg ORAL",1712891,RxNorm,1/1/1970,12/31/1999
"RANITADINE|150|mg|ORAL",0,TB1015_CM,"RANITADINE 150 mg ORAL",961050,RxNorm,1/1/1970,12/31/1999
"RATELGRAVIR|400|g|ORAL",0,TB1015_CM,"RATELGRAVIR 400 g ORAL",1712891,RxNorm,1/1/1970,12/31/1999
"REFINA|2|TABLET|ORAL|2",0,TB1015_CM,"REFINA 2 TABLET ORAL",40079872,RxNorm,1/1/1970,12/31/1999
"REFINA|3|TABLET|ORAL|2",0,TB1015_CM,"REFINA 3 TABLET ORAL",40079872,RxNorm,1/1/1970,12/31/1999
"REFINAH|2|TABLET|ORAL|2",0,TB1015_CM,"REFINAH 2 TABLET ORAL",40079872,RxNorm,1/1/1970,12/31/1999
"REFINAH|3|TABLET|ORAL|3",0,TB1015_CM,"REFINAH 3 TABLET ORAL",40079872,RxNorm,1/1/1970,12/31/1999
"RELIEF-COUGH (DIPHENHYDRAMINE/AMMONIUMCHLORIDE/SPODIM UTRATE|10|mL|ORAL",0,TB1015_CM,"RELIEF-COUGH (DIPHENHYDRAMINE/AMMONIUMCHLORIDE/SPODIM UTRATE 10 mL ORAL",40008994,RxNorm,1/1/1970,12/31/1999
"RIDAQ|12.5|mg|ORAL",0,TB1015_CM,"RIDAQ 12.5 mg ORAL",19106768,RxNorm,1/1/1970,12/31/1999
"RIFAFOUR (RIFAMPICIN, ISONIAZID, PYRAZINAMIDE, ETHAMBUTOL)|3|TABLET|ORAL|3",0,TB1015_CM,"RIFAFOUR (RIFAMPICIN, ISONIAZID, PYRAZINAMIDE, ETHAMBUTOL) 3 TABLET ORAL",21090430,RxNorm Extension,1/1/1970,12/31/1999
"RIFAFOUR|2|mg|ORAL|2",0,TB1015_CM,"RIFAFOUR 2 mg ORAL",21090430,RxNorm Extension,1/1/1970,12/31/1999
"RIFAFOUR|2|TABLET|ORAL|2",0,TB1015_CM,"RIFAFOUR 2 TABLET ORAL",21090430,RxNorm Extension,1/1/1970,12/31/1999
"RIFAFOUR|3|mg|ORAL|3",0,TB1015_CM,"RIFAFOUR 3 mg ORAL",21090430,RxNorm Extension,1/1/1970,12/31/1999
"RIFAFOUR|3|TABLET|ORAL|3",0,TB1015_CM,"RIFAFOUR 3 TABLET ORAL",21090430,RxNorm Extension,1/1/1970,12/31/1999
"RIFAFOUR|4|TABLET|ORAL|4",0,TB1015_CM,"RIFAFOUR 4 TABLET ORAL",21090430,RxNorm Extension,1/1/1970,12/31/1999
"RIFAFOUR|4|TABS|ORAL|4",0,TB1015_CM,"RIFAFOUR 4 TABS ORAL",21090430,RxNorm Extension,1/1/1970,12/31/1999
"RIFAFOUR|5|mg|ORAL|5",0,TB1015_CM,"RIFAFOUR 5 mg ORAL",21090430,RxNorm Extension,1/1/1970,12/31/1999
"RIFAFOUR|5|TABLET|ORAL|5",0,TB1015_CM,"RIFAFOUR 5 TABLET ORAL",21090430,RxNorm Extension,1/1/1970,12/31/1999
"RIFAFOUR|5|TABS|ORAL|5",0,TB1015_CM,"RIFAFOUR 5 TABS ORAL",21090430,RxNorm Extension,1/1/1970,12/31/1999
"RIFAMPICIN|150|mg|ORAL",0,TB1015_CM,"RIFAMPICIN 150 mg ORAL",19107909,RxNorm,1/1/1970,12/31/1999
"RIFAMPICIN|450|mg|ORAL|3",0,TB1015_CM,"RIFAMPICIN 450 mg ORAL",19107909,RxNorm,1/1/1970,12/31/1999
"RIFAMPICIN|600|mg|ORAL|4",0,TB1015_CM,"RIFAMPICIN 600 mg ORAL",19107909,RxNorm,1/1/1970,12/31/1999
"RIFAMPICIN|75|mg|ORAL|0.5",0,TB1015_CM,"RIFAMPICIN 75 mg ORAL",19107909,RxNorm,1/1/1970,12/31/1999
"RIFANAH|3|TABLET|ORAL|3",0,TB1015_CM,"RIFANAH 3 TABLET ORAL",21043995,RxNorm Extension,1/1/1970,12/31/1999
"RIFINAH 150/75|3|TABLET|ORAL|1.5",0,TB1015_CM,"RIFINAH 150/75 3 TABLET ORAL",21043995,RxNorm Extension,1/1/1970,12/31/1999
"RIFINAH 150/75|4|TABLET|ORAL|2",0,TB1015_CM,"RIFINAH 150/75 4 TABLET ORAL",21043995,RxNorm Extension,1/1/1970,12/31/1999
"RIFINAH 300 FC|2|TABLET|ORAL|2",0,TB1015_CM,"RIFINAH 300 FC 2 TABLET ORAL",21043995,RxNorm Extension,1/1/1970,12/31/1999
"RIFINAH 300|2|TABLET|ORAL|2",0,TB1015_CM,"RIFINAH 300 2 TABLET ORAL",21043995,RxNorm Extension,1/1/1970,12/31/1999
"RIFINAH|2|mg|ORAL|2",0,TB1015_CM,"RIFINAH 2 mg ORAL",21043995,RxNorm Extension,1/1/1970,12/31/1999
"RIFINAH|2|TABLET|ORAL|2",0,TB1015_CM,"RIFINAH 2 TABLET ORAL",21043995,RxNorm Extension,1/1/1970,12/31/1999
"RIFINAH|2|TABS|ORAL|2",0,TB1015_CM,"RIFINAH 2 TABS ORAL",21043995,RxNorm Extension,1/1/1970,12/31/1999
"RIFINAH|2|tsp|ORAL|2",0,TB1015_CM,"RIFINAH 2 tsp ORAL",21043995,RxNorm Extension,1/1/1970,12/31/1999
"RIFINAH|3|mg|ORAL|3",0,TB1015_CM,"RIFINAH 3 mg ORAL",21043995,RxNorm Extension,1/1/1970,12/31/1999
"RIFINAH|3|TABLET|ORAL|3",0,TB1015_CM,"RIFINAH 3 TABLET ORAL",21043995,RxNorm Extension,1/1/1970,12/31/1999
"RIFINAH|3|TABLETS (150/75)|ORAL|0.5",0,TB1015_CM,"RIFINAH 3 TABLETS (150/75) ORAL",21043995,RxNorm Extension,1/1/1970,12/31/1999
"RIFINAH|300|mg|ORAL",0,TB1015_CM,"RIFINAH 300 mg ORAL",21043995,RxNorm Extension,1/1/1970,12/31/1999
"RIFINAH|4|TABLET|ORAL|4",0,TB1015_CM,"RIFINAH 4 TABLET ORAL",21043995,RxNorm,1/1/1970,12/31/1999
"RILPIVARINE|25|mg|ORAL",0,TB1015_CM,"RILPIVARINE 25 mg ORAL",40238932,RxNorm,1/1/1970,12/31/1999
"RILPIVIRINE|25|mg|ORAL",0,TB1015_CM,"RILPIVIRINE 25 mg ORAL",40238932,RxNorm,1/1/1970,12/31/1999
"RITIB|5|TABLET|ORAL|5",0,TB1015_CM,"RITIB 5 TABLET ORAL",21090430,RxNorm Extension,1/1/1970,12/31/1999
"ROCEPHIN|1|g|INTRAVENOUS",0,TB1015_CM,"ROCEPHIN 1 g INTRAVENOUS",46287330,RxNorm,1/1/1970,12/31/1999
"SALBUTAMOL INHALER|100|ug|RESPIRATORY (INHALATION)",0,TB1015_CM,"SALBUTAMOL INHALER 100 ug RESPIRATORY (INHALATION)",36035301,RxNorm Extension,1/1/1970,12/31/1999
"SALBUTAMOL|4|mg|ORAL",0,TB1015_CM,"SALBUTAMOL 4 mg ORAL",1154350,RxNorm,1/1/1970,12/31/1999
"SALBUTAMOL|5|mg|RESPIRATORY (INHALATION)",0,TB1015_CM,"SALBUTAMOL 5 mg RESPIRATORY (INHALATION)",1154380,RxNorm,1/1/1970,12/31/1999
"SCHERIPROCT SUPPOSITORIES|1|APPLICATION|RECTAL",0,TB1015_CM,"SCHERIPROCT SUPPOSITORIES 1 APPLICATION RECTAL",21099609,RxNorm Extension,1/1/1970,12/31/1999
"SELSUN|1|APPLICATION|TOPICAL",0,TB1015_CM,"SELSUN 1 APPLICATION TOPICAL",43160092,RxNorm Extension,1/1/1970,12/31/1999
"SEPTRIN|960|mg|ORAL",0,TB1015_CM,"SEPTRIN 960 mg ORAL",1836434,RxNorm,1/1/1970,12/31/1999
"SIMVASTATIN|10|mg|ORAL",0,TB1015_CM,"SIMVASTATIN 10 mg ORAL",1539463,RxNorm,1/1/1970,12/31/1999
"SLOW K|2|CAPSULE|ORAL",0,TB1015_CM,"SLOW K 2 CAPSULE ORAL",40926997,RxNorm Extension,1/1/1970,12/31/1999
"SLOW K|2|TABLET|ORAL",0,TB1015_CM,"SLOW K 2 TABLET ORAL",44183505,RxNorm Extension,1/1/1970,12/31/1999
"SLOW-K (POTASSIUM)|1|TABLET|ORAL",0,TB1015_CM,"SLOW-K (POTASSIUM) 1 TABLET ORAL",21066825,RxNorm Extension,1/1/1970,12/31/1999
"SLOW-K (POTASSIUM)|600|mg|ORAL",0,TB1015_CM,"SLOW-K (POTASSIUM) 600 mg ORAL",21066825,RxNorm Extension,1/1/1970,12/31/1999
"SODIUM|1|TABLET|ORAL",0,TB1015_CM,"SODIUM 1 TABLET ORAL",41142783,RxNorm Extension,1/1/1970,12/31/1999
"SOFRADEX EAR DROP|2|mL|AURICULAR (OTIC)",0,TB1015_CM,"SOFRADEX EAR DROP 2 mL AURICULAR (OTIC)",40714964,RxNorm Extension,1/1/1970,12/31/1999
"SOLU-CORTEF (HYDROCORTISONE SODIUM SUCCINATE)|200|mg|INTRAVENOUS|2",0,TB1015_CM,"SOLU-CORTEF (HYDROCORTISONE SODIUM SUCCINATE) 200 mg INTRAVENOUS",975505,RxNorm,1/1/1970,12/31/1999
"SOLUCORTEF|2|mL|RESPIRATORY (INHALATION)",0,TB1015_CM,"SOLUCORTEF 2 mL RESPIRATORY (INHALATION)",43266793,RxNorm Extension,1/1/1970,12/31/1999
"SPERSADEX EYE DROPS|2|DROP|TOPICAL",0,TB1015_CM,"SPERSADEX EYE DROPS 2 DROP TOPICAL",43619455,RxNorm Extension,1/1/1970,12/31/1999
"SPERSALLERG EYE DROPS|1|DROP PER EYE|TOPICAL",0,TB1015_CM,"SPERSALLERG EYE DROPS 1 DROP PER EYE TOPICAL",43619455,RxNorm Extension,1/1/1970,12/31/1999
"SPERSALLERG|2|DROP|TOPICAL",0,TB1015_CM,"SPERSALLERG 2 DROP TOPICAL",43619455,RxNorm Extension,1/1/1970,12/31/1999
"STAVUDINE|30|mg|ORAL",0,TB1015_CM,"STAVUDINE 30 mg ORAL",35858556,RxNorm Extension,1/1/1970,12/31/1999
"STILPANE (PARACETAMOL, CODEINE PHOSPHATE, CAFFEINE ANHYDROUS, MEPROBAMATE)|2|TABLET|ORAL",0,TB1015_CM,"STILPANE (PARACETAMOL, CODEINE PHOSPHATE, CAFFEINE ANHYDROUS, MEPROBAMATE) 2 TABLET ORAL",40003528,RxNorm,1/1/1970,12/31/1999
"STILPANE (PARACETAMOL/CODINE/CAFFEINE/MEPROBAMATE|1|TABLET|ORAL",0,TB1015_CM,"STILPANE (PARACETAMOL/CODINE/CAFFEINE/MEPROBAMATE 1 TABLET ORAL",40003528,RxNorm,1/1/1970,12/31/1999
"STREPTOMYCIN|750|mg|INTRAMUSCULAR",0,TB1015_CM,"STREPTOMYCIN 750 mg INTRAMUSCULAR",41020937,RxNorm Extension,1/1/1970,12/31/1999
"SUNCODIN (PARACETAMOL, CODEINE, PHENYLTOLOXAMINE)|2|TABLET|ORAL",0,TB1015_CM,"SUNCODIN (PARACETAMOL, CODEINE, PHENYLTOLOXAMINE) 2 TABLET ORAL",40145222,RxNorm,1/1/1970,12/31/1999
"TABS CETRIZEN|5|mg|ORAL",0,TB1015_CM,"TABS CETRIZEN 5 mg ORAL",40228230,RxNorm,1/1/1970,12/31/1999
"TABS PARACETAMOL|1|g|ORAL",0,TB1015_CM,"TABS PARACETAMOL 1 g ORAL",43273192,RxNorm Extension,1/1/1970,12/31/1999
"TABS VITAMIN B6|25|mg|ORAL",0,TB1015_CM,"TABS VITAMIN B6 25 mg ORAL",1353265,RxNorm,1/1/1970,12/31/1999
"TAZOCIN|4.5|g|INTRAVENOUS",0,TB1015_CM,"TAZOCIN 4.5 g INTRAVENOUS",44084069,RxNorm Extension,1/1/1970,12/31/1999
"TDF; FTC; EFV|1|TABLET|ORAL",0,TB1015_CM,"TDF; FTC; EFV 1 TABLET ORAL",1710312,RxNorm,1/1/1970,12/31/1999
"TDF|300|mg|ORAL",0,TB1015_CM,"TDF 300 mg ORAL",1710312,RxNorm,1/1/1970,12/31/1999
"TENOFAVIR|300|mg|ORAL",0,TB1015_CM,"TENOFAVIR 300 mg ORAL",1710312,RxNorm,1/1/1970,12/31/1999
"TENOFOVIR 300MG/EMTRICABINE 200MG/EFAVIRENZ 600MG|1|TABLET|ORAL",0,TB1015_CM,"TENOFOVIR 300MG/EMTRICABINE 200MG/EFAVIRENZ 600MG 1 TABLET ORAL",1710312,RxNorm,1/1/1970,12/31/1999
"TENOFOVIR 300MG/EMTRICITABINE 200MG/EFAVIRENZ600MG|1|TABLET|ORAL",0,TB1015_CM,"TENOFOVIR 300MG/EMTRICITABINE 200MG/EFAVIRENZ600MG 1 TABLET ORAL",19124372,RxNorm,1/1/1970,12/31/1999
"TENOFOVIR 300MG/EMTRICITABINE 200MG|1|TABLET|ORAL",0,TB1015_CM,"TENOFOVIR 300MG/EMTRICITABINE 200MG 1 TABLET ORAL",1703093,RxNorm,1/1/1970,12/31/1999
"TENOFOVIR|300|mg|ORAL",0,TB1015_CM,"TENOFOVIR 300 mg ORAL",1710312,RxNorm,1/1/1970,12/31/1999
"TERIVALIDIN-TERIZIDONE|750|mg|ORAL|3",0,TB1015_CM,"TERIVALIDIN-TERIZIDONE 750 mg ORAL",36950442,RxNorm Extension,1/1/1970,12/31/1999
"TERIVALIDIN|250|mg|ORAL",0,TB1015_CM,"TERIVALIDIN 250 mg ORAL",36950442,RxNorm Extension,1/1/1970,12/31/1999
"TERIVALIDIN|750|mg|ORAL|3",0,TB1015_CM,"TERIVALIDIN 750 mg ORAL",36950442,RxNorm Extension,1/1/1970,12/31/1999
"TERIVALIDINE|750|mg|ORAL|3",0,TB1015_CM,"TERIVALIDINE 750 mg ORAL",36950442,RxNorm Extension,1/1/1970,12/31/1999
"TERIZADONE|70|mg|ORAL|3",0,TB1015_CM,"TERIZADONE 70 mg ORAL",36950442,RxNorm Extension,1/1/1970,12/31/1999
"TERIZADONE|750|mg|ORAL|3",0,TB1015_CM,"TERIZADONE 750 mg ORAL",36950442,RxNorm Extension,1/1/1970,12/31/1999
"TERIZIDONE|750|mg|ORAL|3",0,TB1015_CM,"TERIZIDONE 750 mg ORAL",36950442,RxNorm Extension,1/1/1970,12/31/1999
"TETRACYCLINE EYE OINTMENT|1|APPLICATION|TOPICAL",0,TB1015_CM,"TETRACYCLINE EYE OINTMENT 1 APPLICATION TOPICAL",40088149,RxNorm,1/1/1970,12/31/1999
"THIAMINE|100|mg|ORAL",0,TB1015_CM,"THIAMINE 100 mg ORAL",19137328,RxNorm,1/1/1970,12/31/1999
"THIOPHYLINE|500|mg|ORAL",0,TB1015_CM,"THIOPHYLINE 500 mg ORAL",41083606,RxNorm Extension,1/1/1970,12/31/1999
"TRAMADOL|100|mg|INTRAMUSCULAR|2",0,TB1015_CM,"TRAMADOL 100 mg INTRAMUSCULAR",36886962,RxNorm Extension,1/1/1970,12/31/1999
"TRAMADOL|50|mg|ORAL",0,TB1015_CM,"TRAMADOL 50 mg ORAL",19134047,RxNorm,1/1/1970,12/31/1999
"TRANEXAMIC ACID|500|mg|ORAL",0,TB1015_CM,"TRANEXAMIC ACID 500 mg ORAL",1303431,RxNorm,1/1/1970,12/31/1999
"TREPILINE|12.5|mg|ORAL",0,TB1015_CM,"TREPILINE 12.5 mg ORAL",36883837,RxNorm Extension,1/1/1970,12/31/1999
"TRIMETAZIDINE|35|mg|ORAL",0,TB1015_CM,"TRIMETAZIDINE 35 mg ORAL",19112299,RxNorm,1/1/1970,12/31/1999
"TRIPHASIL|1|TABLET|ORAL",0,TB1015_CM,"TRIPHASIL 1 TABLET ORAL",19096536,RxNorm,1/1/1970,12/31/1999
"TRIPHASYL|1|TABLET|ORAL",0,TB1015_CM,"TRIPHASYL 1 TABLET ORAL",19096536,RxNorm,1/1/1970,12/31/1999
"TROCHAIN (BENZOCAINE/CETRIMIDE)|1|TABLET|ORAL",0,TB1015_CM,"TROCHAIN (BENZOCAINE/CETRIMIDE) 1 TABLET ORAL",40015294,RxNorm,1/1/1970,12/31/1999
"TROPICACYL EYE DROPS|2|DROP|TOPICAL",0,TB1015_CM,"TROPICACYL EYE DROPS 2 DROP TOPICAL",40073281,RxNorm,1/1/1970,12/31/1999
"TROPICACYL EYEDROPS|2|DROP|TOPICAL",0,TB1015_CM,"TROPICACYL EYEDROPS 2 DROP TOPICAL",40073281,RxNorm,1/1/1970,12/31/1999
"TROPICACYL PLUS (TROPICAMIDE + PHENYLEPHRINE CHLORBUTOL)|2|DROP|TOPICAL",0,TB1015_CM,"TROPICACYL PLUS (TROPICAMIDE + PHENYLEPHRINE CHLORBUTOL) 2 DROP TOPICAL",40073281,RxNorm,1/1/1970,12/31/1999
"TROPICACYL PLUS EYEDROPS|1|2 DROPS|TOPICAL",0,TB1015_CM,"TROPICACYL PLUS EYEDROPS 1 2 DROPS TOPICAL",40073281,RxNorm,1/1/1970,12/31/1999
"TROPICACYLPLUS EYEDROPS|2|DROP|TOPICAL",0,TB1015_CM,"TROPICACYLPLUS EYEDROPS 2 DROP TOPICAL",40073281,RxNorm,1/1/1970,12/31/1999
"TROPICAMIDE + PHENYLEPHRINE (TROPICYL PLUS)|2|DROP|TOPICAL",0,TB1015_CM,"TROPICAMIDE + PHENYLEPHRINE (TROPICYL PLUS) 2 DROP TOPICAL",40073281,RxNorm,1/1/1970,12/31/1999
"TROPICAMIDE + PHENYLEPHRINE|2|DROP|TOPICAL",0,TB1015_CM,"TROPICAMIDE + PHENYLEPHRINE 2 DROP TOPICAL",40073281,RxNorm,1/1/1970,12/31/1999
"TROPICAMIDE + PHENYLEPHRINE|8|DROP|TOPICAL",0,TB1015_CM,"TROPICAMIDE + PHENYLEPHRINE 8 DROP TOPICAL",40073281,RxNorm,1/1/1970,12/31/1999
"TROPICAMIDE + PHEYLEPHRINE|3|DROP|TOPICAL",0,TB1015_CM,"TROPICAMIDE + PHEYLEPHRINE 3 DROP TOPICAL",40073281,RxNorm,1/1/1970,12/31/1999
"TROPICAMIDE 0.8% PLUS PHENYL EPINEPHRINE 5%|6|APPLICATION|TOPICAL",0,TB1015_CM,"TROPICAMIDE 0.8% PLUS PHENYL EPINEPHRINE 5% 6 APPLICATION TOPICAL",40073281,RxNorm,1/1/1970,12/31/1999
"TROPICAMIDE 0.8% PLUS PHENYLEPINEPHRINE 5%|6|APPLICATION|TOPICAL",0,TB1015_CM,"TROPICAMIDE 0.8% PLUS PHENYLEPINEPHRINE 5% 6 APPLICATION TOPICAL",40073281,RxNorm,1/1/1970,12/31/1999
"TROPICAMIDE 1% EYE DROPS|2|DROP|TOPICAL",0,TB1015_CM,"TROPICAMIDE 1% EYE DROPS 2 DROP TOPICAL",40088778,RxNorm,1/1/1970,12/31/1999
"TROPICAMIDE AND PHENYLEPHRINE|8|DROP|TOPICAL",0,TB1015_CM,"TROPICAMIDE AND PHENYLEPHRINE 8 DROP TOPICAL",40073281,RxNorm,1/1/1970,12/31/1999
"TROPICAMIDE AND PHENYLEPINEPHRINE|4|DROP|TOPICAL",0,TB1015_CM,"TROPICAMIDE AND PHENYLEPINEPHRINE 4 DROP TOPICAL",40073281,RxNorm,1/1/1970,12/31/1999
"TROPICAMIDE AND PHENYLEPINEPHRINE|8|DROP|TOPICAL",0,TB1015_CM,"TROPICAMIDE AND PHENYLEPINEPHRINE 8 DROP TOPICAL",40073281,RxNorm,1/1/1970,12/31/1999
"TROPICAMIDE EYE DROPS 1% W/V|2|DROP|TOPICAL",0,TB1015_CM,"TROPICAMIDE EYE DROPS 1% W/V 2 DROP TOPICAL",40088778,RxNorm,1/1/1970,12/31/1999
"TROPICAMIDE EYE DROPS IP 1% W/V|1|TWO DROPS|TOPICAL",0,TB1015_CM,"TROPICAMIDE EYE DROPS IP 1% W/V 1 TWO DROPS TOPICAL",40088778,RxNorm,1/1/1970,12/31/1999
"TROPICAMIDE EYE DROPS|2|DROP|TOPICAL",0,TB1015_CM,"TROPICAMIDE EYE DROPS 2 DROP TOPICAL",40088778,RxNorm,1/1/1970,12/31/1999
"TROPICAMIDE EYE DROPS|3|DROP|TOPICAL",0,TB1015_CM,"TROPICAMIDE EYE DROPS 3 DROP TOPICAL",40088778,RxNorm,1/1/1970,12/31/1999
"TROPICAMIDE EYEDROPS 1% W/V|1|2 DROPS|TOPICAL",0,TB1015_CM,"TROPICAMIDE EYEDROPS 1% W/V 1 2 DROPS TOPICAL",40088778,RxNorm,1/1/1970,12/31/1999
"TROPICAMIDE EYEDROPS IP 1% W/V|1|DROP|TOPICAL",0,TB1015_CM,"TROPICAMIDE EYEDROPS IP 1% W/V 1 DROP TOPICAL",40088778,RxNorm,1/1/1970,12/31/1999
"TROPICAMIDE IP|4|DROP|TOPICAL",0,TB1015_CM,"TROPICAMIDE IP 4 DROP TOPICAL",40088778,RxNorm,1/1/1970,12/31/1999
"TROPICAMIDE PHENYL EPHRINE|3|DROP|TOPICAL",0,TB1015_CM,"TROPICAMIDE PHENYL EPHRINE 3 DROP TOPICAL",40073281,RxNorm,1/1/1970,12/31/1999
"TROPICAMIDE PHENYLEPHRINE.|3|DROP|TOPICAL",0,TB1015_CM,"TROPICAMIDE PHENYLEPHRINE. 3 DROP TOPICAL",40073281,RxNorm,1/1/1970,12/31/1999
"TROPICAMIDE PHENYLEPHRINE|2|DROP|TOPICAL",0,TB1015_CM,"TROPICAMIDE PHENYLEPHRINE 2 DROP TOPICAL",40073281,RxNorm,1/1/1970,12/31/1999
"TROPICAMIDE PHENYLEPHRINE|3|DROP|TOPICAL",0,TB1015_CM,"TROPICAMIDE PHENYLEPHRINE 3 DROP TOPICAL",40073281,RxNorm,1/1/1970,12/31/1999
"TROPICAMIDE PLUS PHENYLEPINEPHRINE|6|DROP|TOPICAL",0,TB1015_CM,"TROPICAMIDE PLUS PHENYLEPINEPHRINE 6 DROP TOPICAL",40073281,RxNorm,1/1/1970,12/31/1999
"TROPICAMIDE PLUS PHENYLEPINEPHRINE|8|DROP|TOPICAL",0,TB1015_CM,"TROPICAMIDE PLUS PHENYLEPINEPHRINE 8 DROP TOPICAL",40073281,RxNorm,1/1/1970,12/31/1999
"TROPICAMIDE PLUS PHENYLYEPINEPHRINE|4|DROP|TOPICAL",0,TB1015_CM,"TROPICAMIDE PLUS PHENYLYEPINEPHRINE 4 DROP TOPICAL",40073281,RxNorm,1/1/1970,12/31/1999
"TROPICAMIDE WITH PHENYL EPINEPHRINE|2|APPLICATION|TOPICAL",0,TB1015_CM,"TROPICAMIDE WITH PHENYL EPINEPHRINE 2 APPLICATION TOPICAL",40073281,RxNorm,1/1/1970,12/31/1999
"TROPICAMIDE WITH PHENYLEPINEPHRINE|2|APPLICATION|TOPICAL",0,TB1015_CM,"TROPICAMIDE WITH PHENYLEPINEPHRINE 2 APPLICATION TOPICAL",40073281,RxNorm,1/1/1970,12/31/1999
"TROPICAMIDE WITH PHENYLEPINEPHRINE|3|APPLICATION|TOPICAL",0,TB1015_CM,"TROPICAMIDE WITH PHENYLEPINEPHRINE 3 APPLICATION TOPICAL",40073281,RxNorm,1/1/1970,12/31/1999
"TROPICAMIDE WITH PHENYLEPINEPHRINE|4|APPLICATION|TOPICAL",0,TB1015_CM,"TROPICAMIDE WITH PHENYLEPINEPHRINE 4 APPLICATION TOPICAL",40073281,RxNorm,1/1/1970,12/31/1999
"TROPICAMIDE WITH PHENYLEPINEPHRINE|8|DROP|TOPICAL",0,TB1015_CM,"TROPICAMIDE WITH PHENYLEPINEPHRINE 8 DROP TOPICAL",40073281,RxNorm,1/1/1970,12/31/1999
"TROPICAMIDE- PHENYLEPHRINE|3|DROP|TOPICAL",0,TB1015_CM,"TROPICAMIDE- PHENYLEPHRINE 3 DROP TOPICAL",40073281,RxNorm,1/1/1970,12/31/1999
"TROPICAMIDE-PHENYLEPHRINE|3|DROP|TOPICAL",0,TB1015_CM,"TROPICAMIDE-PHENYLEPHRINE 3 DROP TOPICAL",40073281,RxNorm,1/1/1970,12/31/1999
"TROPICAMIDE+ PHENYLEPHRINE|1|DROP|TOPICAL",0,TB1015_CM,"TROPICAMIDE+ PHENYLEPHRINE 1 DROP TOPICAL",40073281,RxNorm,1/1/1970,12/31/1999
"TROPICAMIDE+PHENYLEPHRINE|2|DROP|TOPICAL",0,TB1015_CM,"TROPICAMIDE+PHENYLEPHRINE 2 DROP TOPICAL",40073281,RxNorm,1/1/1970,12/31/1999
"TROPICAMIDE+PHENYLEPHRINE|3|DROP|TOPICAL",0,TB1015_CM,"TROPICAMIDE+PHENYLEPHRINE 3 DROP TOPICAL",40073281,RxNorm,1/1/1970,12/31/1999
"TROPICAMIDE|0.5|mg|TOPICAL",0,TB1015_CM,"TROPICAMIDE 0.5 mg TOPICAL",40088778,RxNorm,1/1/1970,12/31/1999
"TROPICAMIDE|1|DROP IN EACH EYE|TOPICAL",0,TB1015_CM,"TROPICAMIDE 1 DROP IN EACH EYE TOPICAL",40088778,RxNorm,1/1/1970,12/31/1999
"TROPICAMIDE|1|DROP|TOPICAL",0,TB1015_CM,"TROPICAMIDE 1 DROP TOPICAL",40088778,RxNorm,1/1/1970,12/31/1999
"TROPICAMIDE|1|DROP|TOPICAL)",0,TB1015_CM,"TROPICAMIDE 1 DROP TOPICAL)",40088778,RxNorm,1/1/1970,12/31/1999
"TROPICAMIDE|12|DROP|TOPICAL",0,TB1015_CM,"TROPICAMIDE 12 DROP TOPICAL",40088778,RxNorm,1/1/1970,12/31/1999
"TROPICAMIDE|2|DROP|TOPICAL",0,TB1015_CM,"TROPICAMIDE 2 DROP TOPICAL",40088778,RxNorm,1/1/1970,12/31/1999
"TROPICAMIDE|3|DROP|TOPICAL",0,TB1015_CM,"TROPICAMIDE 3 DROP TOPICAL",40088778,RxNorm,1/1/1970,12/31/1999
"TROPICAMIDE|4|DROP|TOPICAL",0,TB1015_CM,"TROPICAMIDE 4 DROP TOPICAL",40088778,RxNorm,1/1/1970,12/31/1999
"TROPICAMIDE|6|DROP|TOPICAL",0,TB1015_CM,"TROPICAMIDE 6 DROP TOPICAL",40088778,RxNorm,1/1/1970,12/31/1999
"TROPICAMIDE|8|DROP|TOPICAL",0,TB1015_CM,"TROPICAMIDE 8 DROP TOPICAL",40088778,RxNorm,1/1/1970,12/31/1999
"TROPICAMIED-PHENYLEPHRINE|3|DROP|TOPICAL",0,TB1015_CM,"TROPICAMIED-PHENYLEPHRINE 3 DROP TOPICAL",40073281,RxNorm,1/1/1970,12/31/1999
"TROPICOMIDE 0.8%|1|DROP|TOPICAL",0,TB1015_CM,"TROPICOMIDE 0.8% 1 DROP TOPICAL",40073281,RxNorm,1/1/1970,12/31/1999
"TROPICOMIDE EYEDROPS IP 1% W/V|2|DROP|TOPICAL",0,TB1015_CM,"TROPICOMIDE EYEDROPS IP 1% W/V 2 DROP TOPICAL",40088778,RxNorm,1/1/1970,12/31/1999
"TROPICUMIDE|1|DROP|TOPICAL)",0,TB1015_CM,"TROPICUMIDE 1 DROP TOPICAL)",40088778,RxNorm,1/1/1970,12/31/1999
"TROPICYL PLUS EYEDROPS|1|2 DROPS|TOPICAL",0,TB1015_CM,"TROPICYL PLUS EYEDROPS 1 2 DROPS TOPICAL",40073281,RxNorm,1/1/1970,12/31/1999
"TRPICAMIDE+PHENYLEPHRINE|3|DROP|TOPICAL",0,TB1015_CM,"TRPICAMIDE+PHENYLEPHRINE 3 DROP TOPICAL",40073281,RxNorm,1/1/1970,12/31/1999
"TRYPTANOL-AMITRIPTYLINE|25|mg|ORAL",0,TB1015_CM,"TRYPTANOL-AMITRIPTYLINE 25 mg ORAL",35133363,RxNorm Extension,1/1/1970,12/31/1999
"VAXIGRIP|0.5|mL|INTRAMUSCULAR",0,TB1015_CM,"VAXIGRIP 0.5 mL INTRAMUSCULAR",43846194,RxNorm Extension,1/1/1970,12/31/1999
"VIAMIN B6|25|mg|ORAL",0,TB1015_CM,"VIAMIN B6 25 mg ORAL",1353265,RxNorm,1/1/1970,12/31/1999
"VICKS COUGH MIXTURE (DEXTROMETHORPHAN, GUAIFENESIN)|10|mL|ORAL|10",0,TB1015_CM,"VICKS COUGH MIXTURE (DEXTROMETHORPHAN, GUAIFENESIN) 10 mL ORAL",40035820,RxNorm,1/1/1970,12/31/1999
"VICKS VAPORUB (CAMPHOR, EUCALYPTUS OIL, MENTHOL)|10|mL|TOPICAL",0,TB1015_CM,"VICKS VAPORUB (CAMPHOR, EUCALYPTUS OIL, MENTHOL) 10 mL TOPICAL",21128846,RxNorm Extension,1/1/1970,12/31/1999
"VIT B CO|1|TABLET|ORAL",0,TB1015_CM,"VIT B CO 1 TABLET ORAL",40097047,RxNorm,1/1/1970,12/31/1999
"VIT B6|25|mg|ORAL",0,TB1015_CM,"VIT B6 25 mg ORAL",1353265,RxNorm,1/1/1970,12/31/1999
"VIT BCO|2|TABLET|ORAL",0,TB1015_CM,"VIT BCO 2 TABLET ORAL",40097047,RxNorm,1/1/1970,12/31/1999
"VITAMIN A|NA||TOPICAL",0,TB1015_CM,"VITAMIN A NA  TOPICAL",40089742,RxNorm,1/1/1970,12/31/1999
"VITAMIN B CO|2|TABLET|ORAL",0,TB1015_CM,"VITAMIN B CO 2 TABLET ORAL",40097047,RxNorm,1/1/1970,12/31/1999
"VITAMIN B COMPLEX.|1|TABLET|ORAL",0,TB1015_CM,"VITAMIN B COMPLEX. 1 TABLET ORAL",40097047,RxNorm,1/1/1970,12/31/1999
"VITAMIN B COMPLEX|10|mg|INTRAMUSCULAR",0,TB1015_CM,"VITAMIN B COMPLEX 10 mg INTRAMUSCULAR",41048529,RxNorm Extension,1/1/1970,12/31/1999
"VITAMIN B.CO|1|TABLET|ORAL",0,TB1015_CM,"VITAMIN B.CO 1 TABLET ORAL",40097047,RxNorm,1/1/1970,12/31/1999
"VITAMIN B.CO|100|mg|ORAL|2",0,TB1015_CM,"VITAMIN B.CO 100 mg ORAL",19121190,RxNorm,1/1/1970,12/31/1999
"VITAMIN B6 (PYRIDOXINE)|25|mg|ORAL",0,TB1015_CM,"VITAMIN B6 (PYRIDOXINE) 25 mg ORAL",1353265,RxNorm,1/1/1970,12/31/1999
"VITAMIN B6 TABLETS|25|mg|ORAL",0,TB1015_CM,"VITAMIN B6 TABLETS 25 mg ORAL",1353265,RxNorm,1/1/1970,12/31/1999
"VITAMIN B6|25|mg|ORAL",0,TB1015_CM,"VITAMIN B6 25 mg ORAL",1353265,RxNorm,1/1/1970,12/31/1999
"VITAMIN B6|3|TABLET|ORAL|3",0,TB1015_CM,"VITAMIN B6 3 TABLET ORAL",1353265,RxNorm,1/1/1970,12/31/1999
"VITAMIN B6|50|mg|ORAL",0,TB1015_CM,"VITAMIN B6 50 mg ORAL",1353577,RxNorm,1/1/1970,12/31/1999
"VITAMIN B6|75|mg|ORAL|3",0,TB1015_CM,"VITAMIN B6 75 mg ORAL",1353265,RxNorm,1/1/1970,12/31/1999
"VITAMIN BCO|1|TABLET|ORAL",0,TB1015_CM,"VITAMIN BCO 1 TABLET ORAL",40097047,RxNorm,1/1/1970,12/31/1999
"VITAMIN BCO|2|TABLET|ORAL",0,TB1015_CM,"VITAMIN BCO 2 TABLET ORAL",40097047,RxNorm,1/1/1970,12/31/1999
"VITAMIN C|1|TABLET|ORAL",0,TB1015_CM,"VITAMIN C 1 TABLET ORAL",19012004,RxNorm,1/1/1970,12/31/1999
"VITAMIN C|100|mg|ORAL",0,TB1015_CM,"VITAMIN C 100 mg ORAL",19011779,RxNorm,1/1/1970,12/31/1999
"VITAMIN K|1|AMPULE|INTRAMUSCULAR",0,TB1015_CM,"VITAMIN K 1 AMPULE INTRAMUSCULAR",44120253,RxNorm Extension,1/1/1970,12/31/1999
"VITAMIN K|10|mg|ORAL",0,TB1015_CM,"VITAMIN K 10 mg ORAL",19089795,RxNorm,1/1/1970,12/31/1999
"VITAMINI B 6|25|mg|ORAL",0,TB1015_CM,"VITAMINI B 6 25 mg ORAL",1353265,RxNorm,1/1/1970,12/31/1999
"WHITFIELD'S OINTMENT(BENZOIC ACID,SALICYLIC ACID)|0.7|mg|TOPICAL",0,TB1015_CM,"WHITFIELD'S OINTMENT(BENZOIC ACID,SALICYLIC ACID) 0.7 mg TOPICAL",43273929,RxNorm Extension,1/1/1970,12/31/1999
